Filename,TextGridLabel,duration,f0_midpoint,F1_midpoint,F2_midpoint
M1A10,fix1,0.633201316,--undefined--,659.6776915,2320.837116
M1A10,a1,0.043955903,--undefined--,487.0489667,1317.49106
M1A10,U2,0.047270474,208.567955,388.1304626,1905.949991
M1A10,o3,0.169059683,--undefined--,589.1541677,910.7525968
M1A10,a4,0.037527525,--undefined--,481.5976224,1329.82792
M1A10,U5,0.042290839,218.9599477,391.5359539,961.4666711
M1A10,o6,0.111854373,92.39727054,819.973864,1732.316462
M1A10,fix2,0.711286123,115.454775,423.5395252,1389.305634
M1A11,fix1,0.773145339,138.2283976,268.5274024,1996.428764
M1A11,e0,0.06611248,122.9170207,541.296805,1422.663081
M1A11,e10,0.041287152,133.3313666,386.8067593,1541.801715
M1A11,I20,0.097410842,155.5067432,445.4938119,1350.690546
M1A11,a30,0.123829628,--undefined--,531.4569988,1272.626338
M1A11,e00,0.03077842,--undefined--,433.8753956,1374.418238
M1A11,e40,0.035806801,98.32406708,399.3421108,1447.102666
M1A11,I50,0.074961556,158.1088874,434.0436415,1607.005639
M1A11,a60,0.05343659,115.7439681,437.0704142,1190.916355
M1A11,fix2,0.641714164,131.0276144,367.0074585,1392.058346
M1A12,fix1,0.71159353,141.1653509,168.3846558,1779.689986
M1A12,e1,0.060907889,106.9525102,418.7326295,1526.680054
M1A12,U2,0.083935689,157.8043472,343.4330754,974.274276
M1A12,o3,0.103778967,--undefined--,615.336665,1004.399195
M1A12,e4,0.064107212,100.4101638,419.5864815,1501.458331
M1A12,U5,0.070534558,207.7575475,413.9530091,1306.60997
M1A12,o3,0.12483452,91.75883968,694.3195384,883.1996326
M1A12,fix2,0.619520975,122.3436904,338.3359394,1355.352106
M1A14,fix1,0.754657993,--undefined--,338.2685521,1824.894204
M1A14,y1,0.050854508,117.7047653,272.8202515,2289.914253
M1A14,u2,0.025271744,118.4779774,565.9373826,1901.138326
M1A14,U3,0.085834186,122.194758,432.2860568,1061.767034
M1A14,y4,0.070593004,119.0760598,274.4637067,2153.766574
M1A14,u5,0.036607251,113.1277154,429.0245815,1999.3002
M1A14,U6,0.094760035,191.1257488,379.65829,1141.929044
M1A14,fix2,0.772459789,111.3543283,399.3827557,1321.483937
M1A15,fix1,0.753883123,154.9320397,270.6970732,1863.581242
M1A15,y1,0.073263594,111.0471342,244.9408886,2079.690895
M1A15,U2,0.070204926,163.0005893,480.243228,1847.066746
M1A15,o3,0.08138572,91.32597674,518.8012239,791.8993443
M1A15,y4,0.069507982,112.6838685,296.6364889,1579.469613
M1A15,U5,0.054903028,155.8646256,434.3145751,815.1958406
M1A15,o6,0.108029792,94.62079621,526.819642,834.6229151
M1A15,fix2,0.792931046,100.2896641,407.9689741,1371.990009
M1A16,fix1,0.707098202,147.8425264,288.1915036,1610.619395
M1A16,a0,0.043605495,116.8796554,549.2131148,1367.072089
M1A16,e10,0.05825091,107.9139335,404.9687921,1509.154759
M1A16,i20,0.046680693,102.7620229,386.6384618,1088.82307
M1A16,U30,0.115187806,130.4828836,442.6343479,988.3406162
M1A16,a00,0.036530903,133.786153,408.4157174,1085.192829
M1A16,e40,0.043656639,102.0161375,393.9933521,1483.49239
M1A16,I50,0.058184887,169.6062497,372.5396171,1349.873105
M1A16,u60,0.073559046,103.6746903,427.1187179,1149.37105
M1A16,fix2,0.685858949,101.3663029,356.07105,1359.372247
M1A17,fix1,0.749108603,--undefined--,426.3700139,1895.748729
M1A17,a0,0.048584656,--undefined--,507.5274807,971.2243729
M1A17,a10,0.048567868,115.0680848,455.4149024,997.8632618
M1A17,U20,0.04504122,185.5940155,368.3183624,983.171202
M1A17,o30,0.083067235,96.34330007,506.428237,991.1523163
M1A17,a00,0.042033614,102.2701149,444.4942943,850.2465347
M1A17,a40,0.044010451,100.5878898,483.1021085,989.7567557
M1A17,U50,0.062065229,221.683845,416.5431801,953.3039974
M1A17,o60,0.108551133,100.9179658,527.2054149,1071.376218
M1A17,fix2,0.653296914,120.6056675,421.8403118,1306.305599
M1A18,fix1,0.575010016,160.2704051,1116.46435,2610.527078
M1A18,a1,0.082624964,116.1109568,509.1630007,1169.755421
M1A18,u2,0.036889111,136.6925222,404.0731914,1082.004084
M1A18,U3,0.088087938,110.548068,466.2321358,1162.991825
M1A18,a4,0.044349189,103.5320875,458.1525151,1036.512675
M1A18,u5,0.03424454,103.2853273,522.0393339,1868.00851
M1A18,U6,0.056926433,138.5449112,411.538062,1179.982005
M1A18,fix2,0.694971372,102.4277372,398.2757535,1416.475026
M1A19,fix1,0.594546992,131.3074036,356.4655521,1661.029009
M1A19,a1,0.050816201,--undefined--,631.7404811,1285.213312
M1A19,E2,0.097880499,82.29443651,627.0439194,1639.7198
M1A19,a3,0.071395933,--undefined--,440.8478901,1219.78076
M1A19,a4,0.048571265,--undefined--,255.8380479,1476.973523
M1A19,E5,0.091086293,176.5309538,548.3027907,1599.405453
M1A19,a6,0.079336785,93.3011498,446.0742472,1268.605537
M1A19,fix2,0.63400305,113.3879085,366.7052854,1242.507528
M1A20,fix1,0.636727039,136.606311,306.1104465,1466.786984
M1A20,e1,0.094796696,100.3615456,377.7273586,1973.549657
M1A20,I2,0.064374022,130.186276,362.1807098,1719.712995
M1A20,o3,0.098167628,84.65356227,459.8479992,876.9391792
M1A20,e4,0.083656825,94.88459167,387.8284981,1837.303269
M1A20,I5,0.064843133,180.1437749,373.1356451,1683.761502
M1A20,o6,0.155961544,94.82369164,456.9103164,936.7400333
M1A20,fix2,0.647026695,114.3854003,411.8678869,1409.950378
M1A22,fix1,0.70517242,--undefined--,1182.044157,2216.165346
M1A22,e1,0.0710245,107.7650727,398.1263011,1530.116791
M1A22,u2,0.046601062,124.2969547,359.0814917,1293.718469
M1A22,U3,0.096603875,110.821064,480.8575191,1100.184806
M1A22,e4,0.072386456,98.89180309,387.0686121,1601.245759
M1A22,u5,0.054613413,96.438598,368.2053734,1457.821225
M1A22,U6,0.089957967,192.3351125,455.1098464,796.4165976
M1A22,fix2,0.656165314,108.5118633,269.0182998,1615.133558
M1A23,fix1,0.70276488,138.6536163,123.2436766,1747.892356
M1A23,y1,0.051162278,114.3427166,276.2936999,2121.425362
M1A23,U2,0.068438127,165.4907657,495.1826076,1728.603697
M1A23,o3,0.082609955,--undefined--,634.5085653,1700.464808
M1A23,y4,0.051709271,100.717688,255.0733978,2023.114925
M1A23,U5,0.049659491,150.2782228,427.0974616,1420.147407
M1A23,o6,0.076841578,87.50430956,483.5878288,922.0178987
M1A23,fix2,1.014807325,--undefined--,1540.006569,2377.8556
M1A24,fix1,0.723263039,--undefined--,1844.596743,2713.574676
M1A24,a1,0.044658623,--undefined--,454.2186863,1187.372924
M1A24,u2,0.037459282,111.2832543,320.7393563,965.8594874
M1A24,U3,0.079297414,109.2957357,440.9672146,1099.985451
M1A24,a4,0.028052664,--undefined--,462.9830505,1245.511977
M1A24,u5,0.037474607,98.61919485,393.2803257,965.5643939
M1A24,U6,0.08796843,194.9614188,445.6705145,1363.032754
M1A24,fix2,0.651273668,121.0476311,405.3748233,1550.202702
M1A25,fix1,0.719509175,--undefined--,1451.170396,2319.604615
M1A25,e1,0.062147798,102.0287828,391.2162573,1663.080007
M1A25,U2,0.067455765,161.5119916,376.3784409,1118.173888
M1A25,a3,0.065450545,--undefined--,458.3944741,1186.385325
M1A25,e4,0.069564919,90.00568979,400.6509425,1466.811888
M1A25,U5,0.071585384,196.0501095,398.66694,1275.066644
M1A25,a6,0.085798437,90.16109237,471.8773396,1227.781152
M1A25,fix2,0.58883156,111.7635047,778.21967,2097.395679
M1A26,fix1,0.688260372,--undefined--,1232.736264,2379.446953
M1A26,a0,0.041196799,104.484902,465.4473267,1390.303815
M1A26,i10,0.056872378,102.3117167,329.4654463,1967.980698
M1A26,i20,0.03542941,113.6102655,404.2985223,1381.601036
M1A26,U30,0.097507979,115.0823076,411.7353616,953.8298918
M1A26,a00,0.020299055,--undefined--,471.0593353,1324.857235
M1A26,i40,0.056414574,97.43739952,347.5771613,1888.851333
M1A26,i50,0.027894638,103.9307923,428.5339351,1710.580622
M1A26,U6,0.124170453,178.7884686,348.9117353,762.2195447
M1A26,fix2,0.628477594,104.5086258,317.9807963,1729.320142
M1A27,fix1,0.673242975,--undefined--,898.1848444,2016.75695
M1A27,e1,0.054434931,109.166174,455.7571382,1113.560742
M1A27,U2,0.067725026,147.0131098,373.4508847,890.9140609
M1A27,o3,0.11019375,87.11571117,502.0330213,769.2254521
M1A27,e4,0.037624912,--undefined--,382.7903193,1007.2027
M1A27,U5,0.059124581,180.0401484,386.5631978,877.9768878
M1A27,o6,0.098377084,91.09863504,360.3888914,770.1978491
M1A27,fix2,0.711985623,108.3469261,310.8015281,1386.305862
M1A29,fix1,0.613604948,126.9470373,2068.792671,3269.361461
M1A29,a0,0.090045262,110.1696075,552.367784,959.7039014
M1A29,o10,0.075591603,139.5154851,410.7470144,769.1290603
M1A29,U20,0.079971544,165.6062909,497.3600891,588.1141583
M1A29,a30,0.13978846,--undefined--,962.4879716,1996.369571
M1A29,a00,0.07042703,104.7678013,506.6147224,792.0861284
M1A29,o40,0.08129435,93.7910131,433.953801,791.0372304
M1A29,U50,0.07037059,177.409946,411.8932518,814.9300663
M1A29,a60,0.089357194,95.3227245,500.0320424,1026.941118
M1A29,fix2,0.718645356,108.3315682,144.8280873,1546.305486
M1A30,fix1,0.673379006,--undefined--,899.1619144,1955.600903
M1A30,u1,0.041421839,130.938027,401.077056,959.7816263
M1A30,i2,0.048466322,125.5737252,362.1144262,1874.332585
M1A30,U3,0.079790103,110.7016446,448.13412,999.4467083
M1A30,u4,0.040362853,103.725888,441.7755663,817.6552998
M1A30,i5,0.052259409,96.56385692,371.8434735,1422.692225
M1A30,U6,0.113644063,177.9755406,477.5045639,671.2683811
M1A30,fix2,0.673449778,123.2133658,411.3674686,1379.037821
M1A31,fix1,0.599069352,169.4946266,374.3402174,2058.68849
M1A31,a1,0.034605976,--undefined--,977.5516764,2115.96201
M1A31,e2,0.037634395,117.6351326,470.1923575,1449.256469
M1A31,U3,0.093662014,110.4440128,447.3277562,1049.840824
M1A31,a4,0.040238082,108.1960066,487.039796,1055.759534
M1A31,e5,0.046502239,113.8132204,450.8603286,1430.342587
M1A31,U6,0.071283558,130.0246005,435.4525592,1022.096797
M1A31,fix2,0.599474315,96.76685829,285.5911705,1528.794155
M1A32,fix1,0.614059125,--undefined--,1240.967422,2221.710009
M1A32,u1,0.04151357,96.22485255,461.0671712,1027.842511
M1A32,I2,0.046205369,134.6811422,353.1472671,1883.672267
M1A32,a3,0.051260936,91.65161148,574.7747727,1582.229139
M1A32,u4,0.034122856,105.4862343,358.5137619,918.0020832
M1A32,I5,0.078842663,127.2135464,374.6610789,1694.928084
M1A32,a6,0.050989197,108.7903073,471.3965228,1336.76444
M1A32,fix2,0.687263465,115.8909556,440.3099492,1262.921411
M1A33,fix1,0.799366411,--undefined--,820.1276383,1926.719545
M1A33,e0,0.043140145,--undefined--,387.8481764,1499.15982
M1A33,e10,0.035465918,117.7223155,451.9904682,1454.684472
M1A33,i20,0.057761958,118.0350426,446.3926257,1317.922971
M1A33,U30,0.112162441,109.5357943,460.9771867,1048.314286
M1A33,e00,0.026472048,--undefined--,411.495111,1403.299792
M1A33,e40,0.044384149,102.6392311,408.9872313,1498.102716
M1A33,i50,0.032906039,93.52284049,306.6317991,1339.331438
M1A33,U60,0.109228023,188.354391,284.4993286,973.7774106
M1A33,fix2,0.711500961,117.3649307,414.6289021,1417.093379
M1A34,fix1,0.601236213,131.1327883,348.5657644,1353.840472
M1A34,a1,0.040465271,108.5733904,277.2579304,1106.648947
M1A34,e2,0.047342333,107.0832257,441.4746205,1484.836363
M1A34,U3,0.096239085,133.0865044,465.9018884,899.299401
M1A34,a4,0.041528093,97.13834638,499.1219214,1492.922414
M1A34,e5,0.044257827,92.39520303,414.3727824,1498.424961
M1A34,U6,0.140890135,189.2333817,322.8933162,1011.290141
M1A34,fix2,0.685442412,109.4642638,365.6239066,1394.218548
M1A37,fix1,0.607259036,--undefined--,1167.500441,2449.611438
M1A37,a0,0.052495699,111.4691648,557.1768167,1054.481838
M1A37,i10,0.049878112,108.4126637,366.9562971,1915.945736
M1A37,I20,0.044953103,190.6667384,359.3830725,1906.597287
M1A37,o30,0.103422234,88.39026434,534.1826636,1501.6961
M1A37,a00,0.049381592,97.66873565,511.3484637,1056.052235
M1A37,i40,0.043638062,103.4851565,369.2963339,1847.942375
M1A37,I50,0.040841579,170.5238228,336.2866692,1898.650822
M1A37,o60,0.095074183,98.29655007,499.9157046,766.6436187
M1A37,fix2,0.686904935,105.6259162,404.2406965,1454.090762
M1A38,fix1,0.649683798,140.8948742,389.6849618,1673.346919
M1A38,a0,0.167698988,130.8680848,579.0051018,1090.590131
M1A38,a10,0.083250538,122.7843223,526.9137068,940.1809966
M1A38,u20,0.046204444,131.8638397,375.0449394,965.9589344
M1A38,U30,0.106594966,138.0481148,412.8198741,1136.640997
M1A38,a00,0.046252291,107.5582314,529.98175,989.8891055
M1A38,a40,0.048491879,108.0486714,614.4492917,1078.860513
M1A38,u50,0.035615479,105.0001801,437.7215696,1842.307736
M1A38,U60,0.075489404,168.7044774,393.5780625,991.0697179
M1A38,fix2,0.764688934,118.2050089,443.1890091,1444.993741
M1A39,fix1,0.739736214,--undefined--,1305.152645,2566.44252
M1A39,e0,0.031557489,--undefined--,435.4922016,1322.939247
M1A39,e10,0.051622893,122.8716208,467.8221409,1677.252326
M1A39,I20,0.092835246,156.7695331,442.2523366,1524.082851
M1A39,o30,0.105629606,--undefined--,457.5581213,989.4989596
M1A39,e00,0.031359456,--undefined--,453.1600168,1408.964652
M1A39,e40,0.026443131,103.8858374,423.8767518,1486.802978
M1A39,I50,0.079858729,139.8261465,407.1335389,1440.896158
M1A39,o60,0.089809179,106.7712406,519.3169772,1045.901524
M1A39,fix2,0.697534109,106.3333874,424.0905414,1453.413199
M1A40,fix1,0.630390959,--undefined--,307.2763908,2011.903282
M1A40,e1,0.042953846,114.7060745,433.713902,1159.483692
M1A40,U2,0.062678956,134.4785953,360.1235411,814.6615212
M1A40,a3,0.092183479,97.21534411,473.468403,1164.82121
M1A40,e4,0.048112959,--undefined--,477.2372642,1185.689106
M1A40,U5,0.070560751,169.5699978,153.6009713,760.8484808
M1A40,a6,0.107270237,100.3870012,490.2201592,1137.475542
M1A40,fix2,0.688063479,107.2974518,359.985499,1430.556034
M1A41,fix1,0.676101357,--undefined--,845.6017745,1954.961813
M1A41,i1,0.058400956,108.0687405,293.8499768,1792.986619
M1A41,I2,0.059169112,150.3925236,335.6600315,2017.63614
M1A41,o3,0.086729629,88.99359126,582.5864619,1324.52352
M1A41,i4,0.07140906,107.2105912,319.5264046,1654.361639
M1A41,I5,0.055208969,201.845293,376.6209827,1884.068615
M1A41,o6,0.095627161,97.8219896,510.9821136,1086.274265
M1A41,fix2,0.640433805,112.9991452,400.5046462,1478.156821
M1A43,fix1,0.582222776,--undefined--,1668.46027,2937.126003
M1A43,a0,0.054173346,127.0071483,547.5940666,1336.312824
M1A43,i10,0.053437173,126.0773184,351.0251785,1901.306978
M1A43,I20,0.058011737,161.6100972,427.5098778,1867.764309
M1A43,a30,0.085116646,92.77013075,549.2046765,1286.041336
M1A43,a00,0.039019507,118.1482382,492.0495911,1270.349888
M1A43,i40,0.046029584,99.22263267,360.683983,1833.920384
M1A43,I50,0.05324509,138.6034757,402.7884673,1852.672141
M1A43,a60,0.059232859,95.83205898,478.4324725,1124.082729
M1A43,fix2,0.692465489,93.44363689,409.3782338,1445.035885
M1A44,fix1,0.692513001,--undefined--,1576.373069,2857.368385
M1A44,a0,0.084113708,98.33016061,288.9185214,757.8392866
M1A44,o10,0.06829662,106.4966858,450.6067581,764.9358129
M1A44,u20,0.05196482,112.466664,396.624457,884.9481613
M1A44,U30,0.106156703,117.5214053,489.9569272,843.2736099
M1A44,a00,0.059138172,95.13140672,472.1807831,847.2438272
M1A44,o40,0.067846862,99.30860674,378.8580223,737.7809405
M1A44,u50,0.049099703,98.75966556,681.6296992,2013.414673
M1A44,U6,0.114626958,182.6653785,148.7434179,721.7026227
M1A44,fix2,0.623462045,110.8077325,396.7225013,1326.50417
M1A45,fix1,0.600811219,--undefined--,361.1311832,1561.357354
M1A45,y1,0.071170714,124.6323337,256.621703,2134.603843
M1A45,i2,0.054809252,115.2770205,375.9421216,1634.368237
M1A45,U3,0.130084568,118.7917026,466.6814422,1008.185843
M1A45,y4,0.080837992,110.6548282,287.1620175,2079.859817
M1A45,i5,0.058225281,103.4669598,408.2951795,1562.065342
M1A45,U6,0.07242936,119.3840265,502.9366046,938.8312413
M1A45,fix2,0.710480747,92.83508965,407.1333823,1602.028237
M1A46,fix1,0.658721254,--undefined--,1228.516659,2413.572799
M1A46,a1,0.050851069,100.1948985,461.9651503,1220.279192
M1A46,E2,0.064084271,131.2012645,580.4240654,1525.714877
M1A46,o3,0.091475515,--undefined--,665.5847388,1264.491043
M1A46,a4,0.049125388,95.09953964,530.7644796,1315.755429
M1A46,E5,0.091606162,161.4409034,562.6675549,1540.734977
M1A46,o6,0.080657971,92.48411687,496.6253405,903.7360929
M1A46,fix2,0.633410678,106.3422265,385.7564281,1415.961805
M1A47,fix1,0.734981956,--undefined--,1355.666669,2537.080826
M1A47,e1,0.069081083,105.0254445,385.7442424,1222.204516
M1A47,u2,0.052590491,109.1632752,306.8879422,1078.690102
M1A47,U3,0.095540181,120.8650352,378.8772807,1107.934326
M1A47,e4,0.054041172,98.56967353,389.7345384,1451.185911
M1A47,u5,0.048570593,99.44073088,387.9604777,1301.750715
M1A47,U6,0.088813241,187.0880014,386.6640004,1120.83703
M1A47,fix2,0.584819416,104.361119,394.3212225,1309.121173
M1A48,fix1,0.769407354,137.4909193,267.1263016,1548.045436
M1A48,y1,0.052462404,121.753927,288.4252706,2101.19662
M1A48,u2,0.061291284,119.3986564,412.2075391,895.1895878
M1A48,U3,0.108923506,125.0300414,505.4307305,908.0121618
M1A48,y4,0.059219294,121.939393,320.2376055,1645.732827
M1A48,u5,0.045055182,115.1370497,387.4464321,897.6563336
M1A48,U6,0.054023671,131.0728784,477.7345016,629.7972203
M1A48,fix2,0.679778941,103.9001736,410.1777639,1377.90478
M1A51,fix1,0.6955696,--undefined--,1300.279414,2555.345776
M1A51,e1,0.062113071,116.6572331,501.4220064,1199.767347
M1A51,u2,0.059533728,114.7526687,393.1124931,951.858105
M1A51,U3,0.111698038,130.8049997,447.2726874,968.1911416
M1A51,e4,0.057714023,115.7382806,557.7788354,1214.611835
M1A51,u5,0.051373349,108.734196,427.3373036,1000.517393
M1A51,U6,0.077864803,129.83387,508.1686474,1035.738761
M1A51,fix2,0.673635932,99.58678722,358.7076526,1365.925208
M1A52,fix1,0.597942581,128.2847336,404.5799302,1482.1103
M1A52,y1,0.074344092,109.4411965,263.8934392,2008.89569
M1A52,I2,0.065938818,136.2483585,358.6005674,1721.716612
M1A52,a3,0.097659984,90.90032416,277.4733902,1135.863659
M1A52,y4,0.11001939,103.8259459,257.2901683,2071.291224
M1A52,I5,0.060237333,159.9443862,356.1886328,1627.958953
M1A52,a6,0.093625066,107.7011866,496.6560927,1255.876631
M1A52,fix2,0.624817423,110.4207973,428.3753892,1391.307448
M1A53,fix1,0.823623829,--undefined--,1290.713383,2806.199135
M1A53,a0,0.040143616,117.8431304,494.4370864,1091.449297
M1A53,a10,0.062143726,109.8014793,504.0354024,1238.130275
M1A53,u20,0.034132226,121.1852994,418.4057444,955.829194
M1A53,U30,0.082138204,113.3793953,457.5142629,992.0143109
M1A53,a00,0.029184562,107.9830126,521.5229963,976.7846008
M1A53,a40,0.03961757,104.2080099,469.5653017,1160.756708
M1A53,u50,0.035538482,105.9198873,448.6758335,989.6189779
M1A53,U60,0.068535573,185.4181694,475.9890055,770.9353933
M1A53,fix2,0.665972593,114.0860882,423.2539244,1381.055695
M1A54,fix1,0.66888911,--undefined--,1250.524872,2193.732406
M1A54,a0,0.032074079,116.7911093,497.2337887,1394.798954
M1A54,e10,0.049813077,108.4666521,419.0625144,1596.80996
M1A54,I20,0.046858328,121.7213684,353.5581229,1352.42215
M1A54,u30,0.075338881,102.6399518,410.5641888,1156.959664
M1A54,a00,0.041337964,120.8236512,533.7142433,1352.512568
M1A54,e40,0.023572664,--undefined--,331.8175192,1562.813579
M1A54,I50,0.066733093,194.9574533,378.2193315,1374.113775
M1A54,u60,0.054632595,110.4543667,420.3950998,1143.124389
M1A54,fix2,0.63268223,110.7341911,344.372955,1362.954162
M1A55,fix1,1.189860358,--undefined--,1069.013181,2856.463258
M1A55,e1,0.088771772,109.6887217,408.8385344,1835.51945
M1A55,i2,0.061200211,105.213119,398.2797314,1384.662861
M1A55,U3,0.131070628,115.6397763,525.7308285,934.3707824
M1A55,e4,0.086970319,105.200172,403.3522593,1817.408907
M1A55,i5,0.052619904,99.20890136,395.7931677,1297.987628
M1A55,U6,0.138531293,187.6723865,208.4648534,768.3847035
M1A55,fix2,0.705682969,113.7545891,816.7673835,2532.987785
M1A56,fix1,0.71400036,130.9696138,378.3564244,1472.215263
M1A56,i1,0.069950366,105.8649349,273.0452295,1812.510412
M1A56,I2,0.052725391,132.9424576,347.9730091,1884.596845
M1A56,a3,0.085122333,--undefined--,496.8829115,1443.623478
M1A56,i4,0.043793201,102.5115783,270.1864679,1596.848356
M1A56,I5,0.071454675,155.2232376,346.6612536,1827.185518
M1A56,a6,0.050991854,101.5980419,461.8239572,1390.328758
M1A56,fix2,0.705675083,101.231866,303.783791,1467.884454
M1A58,fix1,0.606219752,--undefined--,1523.314661,2658.358928
M1A58,y1,0.046361061,106.2058793,259.4035267,2135.350715
M1A58,u2,0.03805809,115.0630701,366.6510208,972.4880815
M1A58,U3,0.07251965,110.2214832,441.8644559,868.998793
M1A58,y4,0.071234211,110.2443577,280.3165765,2121.231844
M1A58,u5,0.035504867,103.7257164,377.788227,1136.172828
M1A58,U6,0.058763715,159.1214539,390.8714097,905.1318982
M1A58,fix2,0.809445638,113.7074757,431.0504962,1389.844036
M1A59,fix1,0.636798006,--undefined--,1321.052432,2550.23256
M1A59,a0,0.030009219,114.8389048,551.4537735,1155.715361
M1A59,e10,0.047450441,112.9130474,400.7517497,1697.32403
M1A59,I20,0.076193304,153.0983058,346.7729071,1627.794988
M1A59,a30,0.086779998,--undefined--,505.6611886,1353.747142
M1A59,a00,0.034831133,107.4624968,460.1378859,1224.547717
M1A59,e40,0.030138806,113.110992,361.2463313,1523.007952
M1A59,I50,0.056430034,127.9358955,368.5754436,1542.095131
M1A59,a60,0.051203447,104.1197104,445.2169919,1220.880991
M1A59,fix2,0.614949373,95.36037852,295.3670413,1454.581108
M1A6,fix1,1.010991617,--undefined--,1313.022588,2354.848141
M1A6,a0,0.058824142,112.4472539,501.5091991,1238.822564
M1A6,i10,0.056233266,111.7873055,358.2089006,1887.25754
M1A6,i20,0.034781785,113.4591355,368.4240199,1556.557557
M1A6,U30,0.122489254,124.7060082,619.1287717,908.4800328
M1A6,a00,0.052713676,110.9797356,449.9675321,1235.137765
M1A6,i40,0.04700293,101.2782594,377.56683,1902.805619
M1A6,i50,0.03686439,102.4681308,428.6029919,1314.066426
M1A6,U60,0.080360036,143.8487916,409.0709319,807.8686976
M1A6,fix2,0.899629313,--undefined--,518.8375905,1606.696862
M1A60,fix1,0.614871548,--undefined--,1531.73122,2574.428027
M1A60,y1,0.05675846,122.7286176,247.8806492,2136.682992
M1A60,u2,0.057082363,117.0746873,371.2168437,903.1005364
M1A60,U3,0.12111455,118.7273656,446.7126284,977.8656133
M1A60,y4,0.047398578,124.5710398,322.3287026,1653.934057
M1A60,u5,0.05332159,108.3388634,433.0379412,878.7955936
M1A60,U6,0.092754935,121.9371188,511.8074466,930.3701173
M1A60,fix2,0.667933515,100.0369966,367.5823655,1426.007187
M1A61,fix1,0.561661157,--undefined--,629.1640449,2014.660861
M1A61,y1,0.073789081,115.9202483,274.6652859,1962.597621
M1A61,I2,0.057623947,142.5413596,350.6709452,1674.487213
M1A61,o3,0.109921862,97.65545094,395.3350652,861.2947727
M1A61,y4,0.076033414,105.6146471,257.531738,2189.469507
M1A61,I5,0.050463088,113.342421,369.9755902,1597.867426
M1A61,o6,0.071529407,97.58761524,530.130675,816.1697292
M1A61,fix2,0.777039239,109.7981262,371.7514179,1451.89464
M1A62,fix1,0.641400556,--undefined--,1340.849318,2368.963914
M1A62,a0,0.0622104,116.6981796,477.839899,809.1558351
M1A62,o10,0.068946494,127.6186685,451.9995257,733.184069
M1A62,u20,0.068915969,134.3499107,393.3135744,841.1070581
M1A62,U30,0.093330167,128.3294622,431.5541203,906.2592792
M1A62,a00,0.056270678,106.6853278,307.3557245,654.031479
M1A62,o40,0.084819906,108.4287551,428.8429227,759.2300045
M1A62,u50,0.050212348,125.9259519,369.6460393,905.5919523
M1A62,U60,0.106911609,121.028479,430.6095864,873.3161118
M1A62,fix2,0.722320032,96.69437295,389.0020937,1207.395564
M1A63,fix1,0.612085548,--undefined--,373.9290525,1479.389037
M1A63,u1,0.035073828,120.2653936,402.3187409,813.7449932
M1A63,i2,0.048838312,120.8309563,359.7074548,1619.142326
M1A63,U3,0.07913029,111.5791901,439.9993938,1139.526788
M1A63,u4,0.036961618,108.2968609,389.9943879,899.4829557
M1A63,i5,0.053873398,106.3988634,386.8142274,1941.819241
M1A63,U6,0.088158844,123.5158307,406.3912225,1157.290662
M1A63,fix2,0.648306908,--undefined--,460.1830007,1696.544316
M1A65,fix1,0.653915741,--undefined--,1361.489681,2606.993142
M1A65,a0,0.044496605,110.0147524,437.1564849,771.1279618
M1A65,o10,0.067784035,112.099895,398.4359643,753.433669
M1A65,U20,0.064272238,116.0521522,412.4866375,902.1201957
M1A65,o30,0.075704575,--undefined--,431.3763846,712.1870778
M1A65,a00,0.051786771,104.8253328,190.1214401,719.3883901
M1A65,o40,0.066411835,102.7502396,415.2612804,725.6564338
M1A65,U50,0.066868028,190.8475128,396.0144068,758.0360056
M1A65,o60,0.100215145,99.77340194,521.9365819,853.7724526
M1A65,fix2,0.663645069,117.9111131,387.7978984,1411.793182
M1A66,fix1,0.585616733,--undefined--,530.7000341,1921.044505
M1A66,a1,0.028466095,112.3813892,464.8990964,1253.119761
M1A66,u2,0.0464968,111.8452489,506.8817549,1336.917057
M1A66,U3,0.067835825,--undefined--,471.3652486,908.058299
M1A66,a4,0.044479824,110.051204,473.8962692,1185.536159
M1A66,u5,0.04554592,107.9685643,448.2202566,1844.084238
M1A66,U6,0.119915722,121.0820868,426.0708914,1100.940859
M1A66,fix2,0.609903743,101.8521637,395.299238,1406.464823
M1A67,fix1,0.614281747,132.8266597,350.6787929,1794.512588
M1A67,a1,0.0493089,107.0912873,469.4809584,1097.946026
M1A67,U2,0.039685119,170.1265606,573.3974701,1407.060955
M1A67,o3,0.088174001,86.45672801,564.6946036,905.2063181
M1A67,a4,0.056701381,103.211951,471.5733052,1043.218838
M1A67,U5,0.06277009,124.7051218,529.9737336,1436.713842
M1A67,o6,0.100326506,92.43675859,466.1994645,945.4479844
M1A67,fix2,0.623017164,92.30583913,302.057194,1560.890397
M1A68,fix1,0.636113786,--undefined--,1727.746403,1838.008727
M1A68,y1,0.047428177,112.1321795,283.9917526,2100.197685
M1A68,U2,0.055496047,158.3663041,423.1939105,1157.613375
M1A68,a3,0.09057957,92.79732217,413.8965659,1317.630668
M1A68,y4,0.046352267,106.230032,287.2850399,2049.673222
M1A68,U5,0.05113167,159.8027313,554.0026817,1456.462729
M1A68,a6,0.05635308,109.2860243,488.9014159,1396.442238
M1A68,fix2,0.706204092,94.76206878,346.2001414,1504.644314
M1A69,fix1,0.897669163,--undefined--,834.0731397,2177.224222
M1A69,i1,0.060567105,105.7257564,293.4450889,1794.345991
M1A69,i2,0.051873513,100.4492542,375.1360034,1758.041777
M1A69,U3,0.095150439,126.8407501,442.1122824,1005.433406
M1A69,i4,0.05641888,99.6365855,301.9022655,1667.563141
M1A69,i5,0.048224874,95.19107566,345.3083382,1664.49171
M1A69,U6,0.046094821,125.4305084,379.6434106,915.368131
M1A69,fix2,0.602202268,--undefined--,878.7932118,2321.733098
M1A70,fix1,0.569098021,--undefined--,790.0873163,2204.4892
M1A70,y1,0.087474914,111.0579214,276.8534654,2178.272919
M1A70,U2,0.075574834,147.5828504,455.9962249,805.5838753
M1A70,a3,0.116893266,--undefined--,467.112854,1207.436166
M1A70,y4,0.059655077,114.110609,311.3711164,1629.747677
M1A70,U5,0.059000454,125.2844583,440.725158,881.3688792
M1A70,a6,0.065613076,93.70045385,555.5015069,964.224727
M1A70,fix2,0.680288376,97.55146034,394.7907968,1363.668277
M1A72,fix1,0.514521537,--undefined--,1799.961174,2503.44369
M1A72,y1,0.062906501,110.6449342,251.4812407,2088.792343
M1A72,i2,0.045196607,110.9261703,353.5586533,1504.002834
M1A72,U3,0.075583277,95.52702866,532.3576902,724.0324886
M1A72,y4,0.058708165,108.3819377,295.6530197,2069.327542
M1A72,i5,0.049730362,100.3860182,367.8555765,1716.225707
M1A72,U6,0.112990377,185.9221421,364.3338753,703.3714313
M1A72,fix2,0.627045089,111.950335,432.5318687,1454.081002
M1A73,fix1,0.687484767,147.2335573,1836.449488,3346.741361
M1A73,a1,0.03644319,117.1819684,476.7053305,1293.056339
M1A73,U2,0.0518868,127.555239,388.3497662,991.5355827
M1A73,a3,0.071321307,--undefined--,435.6204134,1413.256811
M1A73,a4,0.036554001,107.1307304,459.9620704,1255.582383
M1A73,U5,0.046172493,127.5135191,531.8680112,776.4529565
M1A73,a6,0.053803914,101.585705,465.7607928,1308.136276
M1A73,fix2,0.615606189,96.22000783,371.335506,1406.607283
M1A74,fix1,0.588194938,--undefined--,1450.934405,2545.991338
M1A74,a1,0.056830417,105.8622935,531.602572,1145.319392
M1A74,u2,0.033089901,117.7010166,633.9239721,1696.288115
M1A74,U3,0.110224015,114.5755983,482.4194208,1040.13298
M1A74,a4,0.042534836,107.2453002,549.7117998,1038.147033
M1A74,u5,0.031135524,--undefined--,475.1368724,1633.106525
M1A74,U6,0.045704627,136.0351303,446.2027623,1887.728626
M1A74,fix2,0.589723639,--undefined--,1551.612832,2592.091644
M1A75,fix1,0.6021135,--undefined--,675.7435039,1753.448057
M1A75,i1,0.058481915,113.7591267,303.8137069,1966.744207
M1A75, ,0.045853325,111.1658265,58.90076464,2182.504197
M1A75,i2,0.041345416,106.8264726,342.0491215,1778.303253
M1A75,U3,0.087822614,142.6173427,420.4690375,1131.441108
M1A75,i4,0.057981056,109.1920224,297.3346616,1666.318822
M1A75,i5,0.039820707,109.0041332,332.9955059,1888.260178
M1A75,U6,0.079607732,120.575408,418.4767842,1161.057634
M1A75,fix2,0.642327842,92.90005848,406.9447534,1347.754305
M1A76,fix1,0.57944553,--undefined--,1144.879715,2357.218366
M1A76,e1,0.049631594,114.208603,517.2753131,1220.950711
M1A76,u2,0.065485755,120.900648,474.3576079,1001.76313
M1A76,U3,0.115708454,124.1961515,426.160749,851.8865462
M1A76,e4,0.059149029,108.3231926,522.5885478,1195.683804
M1A76,u5,0.053146869,108.5500982,420.4127198,1053.871731
M1A76,U6,0.065172815,155.9449874,448.184061,829.2575881
M1A76,fix2,0.684120832,107.2014941,400.8350643,1415.54439
M1A77,fix1,0.637110178,--undefined--,792.0433014,1985.818161
M1A77,a0,0.03836949,--undefined--,1474.410717,2260.640735
M1A77,e10,0.042178544,98.29508868,338.850846,1750.121119
M1A77,I20,0.067328422,147.7511609,338.7899696,1762.4273
M1A77,o30,0.112089038,91.7004601,736.2252449,2211.92431
M1A77,a00,0.043310915,111.8927808,458.1213801,1297.46978
M1A77,e40,0.045316733,101.0805227,399.645094,1530.853135
M1A77,I50,0.04326926,113.0672994,342.7320667,1442.527289
M1A77,o60,0.04541599,108.3217863,454.8953744,1064.061334
M1A77,fix2,0.625663403,--undefined--,358.2000765,1425.218458
M1A78,fix1,0.690164212,139.0659737,285.9330027,1837.809278
M1A78,e1,0.095532827,101.4147587,403.5485218,1914.5604
M1A78,I2,0.063808596,135.3858297,441.9061685,1889.153118
M1A78,a3,0.090102123,94.47108708,522.3112012,1178.31656
M1A78,e4,0.074386061,97.36231924,383.4703324,1797.419658
M1A78,I5,0.067226795,145.102232,393.1224825,1687.207845
M1A78,a6,0.080986664,101.4514003,533.2302879,1207.833227
M1A78,fix2,0.679974959,106.1239051,404.5802485,1369.590396
M1A8,fix1,0.784362778,--undefined--,1724.957664,3002.397477
M1A8,e0,0.044529031,117.256642,514.1446051,1658.143118
M1A8,e10,0.064125656,108.2719721,347.4253674,1606.423862
M1A8,i20,0.069496581,100.386115,373.0109372,1408.392327
M1A8,U30,0.121366588,124.8339651,430.4970664,979.9891627
M1A8,e00,0.033060532,109.5928301,435.7158445,1449.51118
M1A8,e40,0.056308925,99.04131617,477.3115398,1597.861667
M1A8,i50,0.048536585,97.05705227,418.709667,1372.039126
M1A8,U60,0.058519403,150.2023557,430.1982717,1079.328629
M1A8,fix2,0.807716788,112.0452377,381.2715853,1401.35016
M1A9,fix1,0.788658461,160.554344,297.5285671,1883.129812
M1A9,a0,0.056537999,122.5507444,552.4046357,1002.184198
M1A9,a10,0.044800485,129.3749578,512.661646,1172.291591
M1A9,U30,0.041367122,148.5807442,423.5788217,1092.270357
M1A9,a40,0.068784993,--undefined--,492.0142591,1217.46256
M1A9,a00,0.046534897,115.1844889,519.287113,1123.471244
M1A9,a40,0.050801439,103.7246483,458.9120248,1239.332202
M1A9,U50,0.046082557,142.4599716,407.2561907,1110.401414
M1A9,a60,0.061828764,119.4640654,440.1004914,1138.152895
M1A9,fix2,0.653688092,--undefined--,383.0759715,1449.469843
M1B10,fix1,0.524181401,138.153724,405.3320095,1484.042814
M1B10,e0,0.054100339,118.5353969,471.8690918,1410.619149
M1B10,e10,0.050897853,114.5793943,462.3979533,1648.690664
M1B10,I20,0.08673098,138.2620996,361.7526985,1841.387571
M1B10,e30,0.125850931,94.7420883,539.2814945,1536.005034
M1B10,e00,0.019068219,--undefined--,386.4640148,1434.119968
M1B10,e40,0.043574183,100.2916934,443.4218065,1503.468225
M1B10,I50,0.091737429,184.4375921,406.0636652,1769.124308
M1B10,e60,0.059098904,104.219111,533.6388618,1516.917003
M1B10,fix2,0.673860447,105.5815055,372.3147968,1685.090832
M1B11,fix1,0.687452458,154.716444,229.1418144,1710.954247
M1B11,i1,0.049297091,111.4833365,297.8819282,1660.202278
M1B11,I2,0.06336895,129.2319174,382.4308118,1879.633361
M1B11,a3,0.073317641,--undefined--,1432.446374,2013.098201
M1B11,i4,0.05028981,105.8105384,361.1368636,1560.700651
M1B11,I5,0.049305253,161.4525578,370.3517123,1839.459167
M1B11,a6,0.059764625,104.5599117,475.182091,1385.934629
M1B11,fix2,0.771743826,107.6277756,416.0201535,1489.072697
M1B14,fix1,0.868023543,136.6727875,405.4751647,1494.068297
M1B14,e1,0.051058483,104.0968829,461.9092071,1133.63797
M1B14,u2,0.048241092,114.9710318,382.8258609,1110.318986
M1B14,E3,0.076569422,99.22843701,566.2013079,1403.486684
M1B14,e4,0.058091761,103.6696888,523.7001337,1207.785318
M1B14,u5,0.036568827,108.6677231,406.1122267,1116.773042
M1B14,E6,0.116354049,176.1004024,598.0877324,1480.20005
M1B14,fix2,0.662899978,106.7266024,264.2382011,1723.37477
M1B15,fix1,0.720347785,130.91292,260.2796048,1873.987021
M1B15,u1,0.035861602,105.7450131,363.7190343,921.5199958
M1B15,I2,0.053458537,129.3647693,362.3694237,1862.282224
M1B15,o3,0.082037762,--undefined--,761.1883187,1028.576792
M1B15,u4,0.030126271,98.72670561,443.7339011,1154.983414
M1B15,I5,0.053853103,194.1281947,384.4956674,1699.676453
M1B15,o6,0.110879432,101.8531241,596.4848468,1015.025762
M1B15,fix2,0.691768447,102.518881,355.2275058,1411.212509
M1B16,fix1,0.58401869,--undefined--,999.0604617,2102.228459
M1B16,a1,0.039820781,112.2870537,489.425636,1318.652067
M1B16,u2,0.029038161,121.0478815,478.3763541,1402.575168
M1B16,U3,0.087302181,141.6085515,454.8522849,1105.001566
M1B16,a4,0.038328384,110.0501301,475.466867,1377.671335
M1B16,u5,0.03945119,110.3121426,415.6851945,1255.206796
M1B16,U6,0.074795206,191.1761988,415.2776378,1190.002854
M1B16,fix2,0.689839117,119.7733784,406.8635538,1342.39215
M1B17,fix1,0.583615693,--undefined--,1998.87391,3452.863759
M1B17,a1,0.038607193,106.9427286,638.5315437,1175.806827
M1B17,e1,0.048353128,109.8978759,435.2470888,1687.846602
M1B17,E3,0.089063903,114.370487,610.1492377,1512.334162
M1B17,a4,0.054935896,--undefined--,512.9061426,1654.146685
M1B17,e5,0.045162628,98.86988449,417.7072219,1598.377686
M1B17,E6,0.114566487,153.0056136,584.9057336,1445.935559
M1B17,fix2,0.651137658,103.6695391,402.5029908,1477.709317
M1B18,fix1,0.731274034,--undefined--,1947.219504,3487.785809
M1B18,u1,0.048517668,121.7210075,358.4252012,869.3576954
M1B18,i2,0.053698263,119.2661398,338.5474375,2012.253961
M1B18,u3,0.071007981,128.0179215,405.9318677,1056.928911
M1B18,u4,0.034889108,99.53438069,441.2373019,730.1796059
M1B18,i5,0.040767338,102.3930212,386.1959733,1789.77088
M1B18,U6,0.062289273,136.2616951,421.7481051,1213.863126
M1B18,fix2,0.645488529,107.8834867,382.8854362,1480.86322
M1B19,fix1,0.611382977,--undefined--,1474.255306,2426.991809
M1B19,a1,0.038239543,118.4312203,515.9289901,1453.019876
M1B19,U2,0.047288184,197.0751323,390.1684131,1005.247843
M1B19,a3,0.065423828,95.2484862,564.8368829,1452.961734
M1B19,a4,0.039546704,114.3904315,461.1112652,1390.127662
M1B19,U5,0.06750264,155.3479526,402.988066,883.5545832
M1B19,a6,0.050000714,110.9407746,463.5960113,1299.373923
M1B19,fix2,0.658768779,110.9008433,431.88145,1502.496548
M1B20,fix1,0.615350748,--undefined--,1404.495737,2568.674078
M1B20,e1,0.072066567,119.8531598,412.6836764,1297.147237
M1B20,u2,0.05641235,121.4538799,369.1384116,1182.88952
M1B20,U3,0.089825391,139.2025902,412.5374948,1134.464265
M1B20,e4,0.058576156,108.7021685,394.4413312,1613.880517
M1B20,u5,0.05197292,109.8542681,418.8567998,1425.874795
M1B20,U6,0.05932917,153.7638672,417.585433,1097.795424
M1B20,fix2,0.58366168,111.3633752,355.5558892,1507.757332
M1B23,fix1,0.656966229,137.5709803,434.0254171,1343.975787
M1B23,i1,0.05069541,115.630086,307.2077705,1742.013745
M1B23,i2,0.048644122,119.4458169,353.2280731,1746.125448
M1B23,U3,0.097094092,111.4196205,433.8903581,1147.348619
M1B23,i4,0.055239211,117.5557315,316.5768586,1542.336636
M1B23,i5,0.040524211,113.1662614,338.0972487,1671.292116
M1B23,U6,0.062296967,178.2971104,375.3011823,1185.144449
M1B23,fix2,0.61182096,107.5954117,328.1165077,1397.605176
M1B24,fix1,0.532655184,--undefined--,1510.525218,2719.831301
M1B24,a1,0.061961171,106.2827692,536.7007027,1150.976126
M1B24,U2,0.034640454,179.572368,423.5559713,1184.392888
M1B24,o3,0.080483938,92.44139525,564.4810204,782.3970989
M1B24,a4,0.094982404,105.2842707,476.0332227,1199.749972
M1B24,U5,0.06261527,184.5736331,377.1103445,598.7611156
M1B24,o6,0.084644842,98.78439915,548.4573024,985.096698
M1B24,fix2,0.668101952,119.8675411,397.0474162,1384.041672
M1B25,fix1,0.891113386,121.4078762,370.9229394,1342.457428
M1B25,y1,0.071389186,119.8023406,268.4805635,2172.395882
M1B25,u2,0.036542269,118.9069305,343.952036,1115.28112
M1B25,U3,0.083118738,133.8925732,387.9479049,1099.399143
M1B25,y4,0.040045588,108.8776847,284.1278849,2041.323678
M1B25,u5,0.034327494,--undefined--,459.1174693,1878.984869
M1B25,U6,0.04434348,141.8426251,407.3632991,1213.211618
M1B25,fix2,0.581892808,105.4111812,351.6593516,1418.764161
M1B26,fix1,0.675278439,--undefined--,1641.813012,2966.112359
M1B26,a1,0.032233208,113.9382307,470.8054388,1353.896828
M1B26,U2,0.039803707,135.9641836,401.6764552,1349.782024
M1B26,e3,0.063165992,93.00561377,531.9158483,1765.510584
M1B26,a4,0.033585538,107.1031578,454.5835901,1332.843789
M1B26,u5,0.043349023,112.7303721,355.2770028,1262.132297
M1B26,E6,0.085069171,154.708891,521.9483,1667.152763
M1B26,fix2,0.630696047,107.2180578,415.9221822,1343.860014
M1B27,fix1,0.76642425,--undefined--,1093.598158,2264.716981
M1B27,a1,0.06160028,108.6197192,507.7931522,1119.764495
M1B27,U2,0.039055528,149.6182547,479.5474936,849.5056894
M1B27,a3,0.059214054,95.62079598,514.369097,1352.669638
M1B27,a4,0.058479857,105.5939886,525.0342186,1167.572662
M1B27,U5,0.040887135,183.9759477,378.6552256,831.813994
M1B27,a6,0.06044998,99.34888678,533.1979818,1357.309746
M1B27,fix2,0.804097035,110.5248588,445.8282536,1329.046342
M1B29,fix1,0.74824655,--undefined--,193.7681818,2120.79662
M1B29,a0,0.034871699,120.992233,580.2742546,1352.450076
M1B29,e10,0.042193755,107.2104141,397.9560411,1570.390476
M1B29,I20,0.055537937,117.3749933,369.2928129,1688.891618
M1B29,o30,0.072271407,--undefined--,599.9601986,1581.639409
M1B29,a00,0.030303626,118.5823226,561.7580377,1125.86229
M1B29,e40,0.050167194,106.4400785,398.9984907,1551.340479
M1B29,I50,0.069031144,168.3671647,412.6279466,1611.90016
M1B29,o60,0.102302462,104.5090481,525.6868438,1033.963712
M1B29,fix2,0.759129885,113.3720074,433.9969883,1401.352365
M1B30,fix1,0.694360874,--undefined--,1815.233703,3081.628677
M1B30,y1,0.051788245,108.5301781,256.7622003,2197.780237
M1B30,u2,0.039720935,105.2744941,411.6704609,1359.751396
M1B30,E3,0.099986472,98.43421735,612.8154604,1636.285902
M1B30,y4,0.05779707,102.5789857,245.0899519,2167.402484
M1B30,u5,0.042515616,97.71957634,379.5798151,1761.41358
M1B30,E6,0.077998384,150.7105158,563.2641357,1570.153247
M1B30,fix2,0.677347161,99.55105251,329.8810405,1458.161812
M1B31,fix1,0.688384288,133.1626842,223.4410267,2086.171957
M1B31,a1,0.033515922,102.0421818,596.8884964,1872.395603
M1B31,U2,0.042091041,159.3928704,453.368346,1846.846144
M1B31,o3,0.074526975,87.27901257,778.9285691,1752.756489
M1B31,a4,0.041796892,98.73792659,498.8649148,1428.75514
M1B31,U5,0.059271752,205.1524472,408.4930788,1050.359098
M1B31,o6,0.080097646,98.19400062,512.4996749,994.1372533
M1B31,fix2,0.637838945,115.6575067,366.5506964,1417.682868
M1B32,fix1,0.760482941,141.1793719,275.2344382,1927.62682
M1B32,a1,0.070364667,106.1454846,474.2824565,1116.543015
M1B32,u2,0.040041759,112.8297443,643.8410252,1927.525097
M1B32,U3,0.097160899,113.2655995,468.5539802,1000.557882
M1B32,a4,0.08255375,103.2981793,474.8769932,1147.461708
M1B32,u5,0.042768975,102.0370765,600.6099604,1925.571458
M1B32,U6,0.08717023,194.3789357,415.1500032,1052.814892
M1B32,fix2,0.689712774,105.9045288,410.0899775,1411.41795
M1B33,fix1,0.78332985,130.3594753,216.4683018,1942.561215
M1B33,e0,0.043054743,107.9319177,457.745438,1428.063459
M1B33,e10,0.040114813,106.3682041,416.4639945,1554.732144
M1B33,I20,0.074947263,114.5183831,423.873332,1471.887604
M1B33,o30,0.108361441,87.10773893,460.3813571,1057.40108
M1B33,e00,0.034371091,105.3867935,398.7743932,1382.481286
M1B33,e40,0.03800778,110.833357,402.0850915,1433.567414
M1B33,I50,0.056068996,126.0922679,373.722147,1449.471156
M1B33,o60,0.119725611,102.9165405,499.7635644,1036.147299
M1B33,fix2,0.624222647,102.6394133,407.6613091,1426.768686
M1B34,fix1,0.707397493,134.4444435,248.7627655,1716.543986
M1B34,y1,0.065884061,118.276214,258.1805637,2047.157429
M1B34,u2,0.05970839,105.6788824,387.3864773,880.6699231
M1B34,U3,0.11941678,133.1246835,432.6309774,915.8418542
M1B34,y4,0.05913414,122.6041365,328.6914435,1178.089311
M1B34,u5,0.05824189,110.4113968,370.8869892,867.0201586
M1B34,U6,0.076162472,126.0220282,467.8313559,906.7488928
M1B34,fix2,0.684213908,--undefined--,303.7788088,1517.905192
M1B37,fix1,0.708519037,129.3965737,207.9970456,1979.736805
M1B37,e0,0.047549249,--undefined--,479.9595905,1376.729291
M1B37,e10,0.042041684,113.0467502,439.5935351,1466.831393
M1B37,I20,0.072196479,116.0857184,421.7740155,1408.682747
M1B37,u30,0.089141861,101.9815317,440.8976836,1045.541459
M1B37,e00,0.025458983,117.7403592,420.6180936,1342.608716
M1B37,e40,0.025760013,113.7966052,439.4747195,1382.59906
M1B37,i50,0.046457059,109.2365069,387.2981638,1304.853698
M1B37,U60,0.060923528,130.457043,409.4851475,1029.754913
M1B37,fix2,0.649048259,99.91879679,275.0927229,1525.644959
M1B38,fix1,0.667594945,--undefined--,452.5443118,1668.255585
M1B38,i1,0.061115933,113.7616072,318.5187954,1813.120004
M1B38,I2,0.05567576,120.6071574,350.7970766,1800.209103
M1B38,o3,0.100405497,--undefined--,592.2654766,1599.020178
M1B38,i4,0.061726611,98.32682732,307.0759655,1646.03528
M1B38,I5,0.06792227,165.091179,366.4904362,1861.533654
M1B38,o6,0.097765191,96.07458085,475.9483266,1020.756032
M1B38,fix2,0.678117914,106.3167424,422.8247899,1331.848631
M1B39,fix1,0.595271599,--undefined--,1426.993243,2210.120127
M1B39,y1,0.063437245,118.5620128,243.4929481,2141.680124
M1B39,i2,0.056739062,110.1283805,331.7819512,1543.977684
M1B39,U3,0.113478124,112.5441267,427.0886401,972.7027893
M1B39,y4,0.086039557,115.235826,248.1701162,2112.292802
M1B39,i5,0.056007116,95.81930295,345.1279462,1617.943883
M1B39,U6,0.10668883,174.9586047,450.3685954,931.1943583
M1B39,fix2,0.715244071,104.0503042,402.5133991,1432.141596
M1B40,fix1,0.611947796,--undefined--,1363.099015,2675.019648
M1B40,a1,0.031389554,--undefined--,437.0411608,1222.342044
M1B40,E2,0.080082639,114.4825316,595.4508163,1518.565712
M1B40,o3,0.079883066,--undefined--,550.8218501,722.2086997
M1B40,a4,0.053420012,--undefined--,358.4403516,1370.191095
M1B40,E5,0.088109262,178.3334594,605.379271,1496.248458
M1B40,o6,0.076443721,94.66517907,576.0722091,902.5728085
M1B40,fix2,0.618835509,108.4761761,392.6843211,1417.431137
M1B41,fix1,0.654854179,130.8716148,1640.583734,3110.954509
M1B41,i1,0.067469191,105.2547555,294.7727194,1803.89915
M1B41,i2,0.04945957,119.04499,315.4384831,2081.152208
M1B41,E3,0.104930694,104.0380762,572.4576694,1620.30426
M1B41,i4,0.062314077,105.9533525,303.7147993,1825.414274
M1B41,i5,0.044690189,100.0408455,298.5735837,2018.153295
M1B41,E6,0.135741211,183.9801889,594.741567,1540.458698
M1B41,fix2,0.855242692,112.0971275,1507.914521,2712.146377
M1B43,fix1,0.70780985,134.2475884,221.0594087,2090.362616
M1B43,e1,0.055345924,109.1928306,479.9955295,1172.981968
M1B43,u2,0.037360423,107.7263102,331.2566752,910.2590824
M1B43,U3,0.09443101,113.4228648,409.3602832,957.5325385
M1B43,e4,0.052149984,110.2120446,522.3106068,1148.376779
M1B43,u5,0.059365419,109.276962,458.9247343,970.9190816
M1B43,U6,0.064169332,136.8757375,382.6861635,804.0200396
M1B43,fix2,0.67021434,101.4473268,1224.314195,2623.58616
M1B44,fix1,0.654361552,--undefined--,1413.015251,2736.230101
M1B44,a0,0.045976113,118.198965,431.0862792,1352.156706
M1B44,i10,0.046273553,114.666612,307.8849244,1973.950988
M1B44,i20,0.041270013,127.6795072,379.5518619,1882.934001
M1B44,E30,0.124728417,112.5158578,588.7707513,1516.800333
M1B45,fix1,0.639921627,--undefined--,1127.698023,2312.772255
M1B45,a0,0.086594798,130.7053018,565.2605055,1236.883542
M1B45,a10,0.071447037,128.8710092,521.3248586,1383.326558
M1B45,U20,0.067656907,144.4457928,396.1551614,1032.670035
M1B45,a30,0.084748364,92.44288889,521.9246495,1365.244833
M1B45,a00,0.069403328,125.2001825,554.4121362,1195.591041
M1B45,a40,0.048648174,109.3193664,492.3810471,1264.285561
M1B45,U50,0.046430596,147.6307846,397.949083,1104.417871
M1B45,a60,0.046707352,113.8972742,421.0075527,1117.814644
M1B45,fix2,0.650716593,104.3147097,396.8982649,1406.846702
M1B46,fix1,0.699021724,--undefined--,955.0017844,2203.026309
M1B46,a0,0.069067832,121.5337051,454.3955292,835.4659359
M1B46,o10,0.073947911,121.3670848,443.026221,793.3855204
M1B46,u20,0.057275761,127.7773731,364.4828672,811.4027203
M1B46,U30,0.113724681,134.7774693,450.2643652,941.4621347
M1B46,a00,0.053573216,112.2117217,490.3973685,884.3550897
M1B46,o40,0.07754419,106.368742,465.4380596,854.2730265
M1B46,u50,0.057949592,113.2549969,390.0574453,974.7787801
M1B46,U60,0.068809796,112.7650588,402.1484432,901.3754448
M1B46,fix2,0.660933771,109.5830239,374.8832451,1309.771309
M1B47,fix1,0.605872553,--undefined--,1612.41126,3250.221613
M1B47,y1,0.063094518,128.6304357,273.9023143,2278.63276
M1B47,U2,0.07323566,148.143743,384.012418,861.2365434
M1B47,a3,0.076410848,91.42568501,509.0615895,1120.762291
M1B47,y4,0.05627805,117.6490375,353.9114708,1519.324883
M1B47,U5,0.052626965,125.0741578,447.8705731,941.655731
M1B47,a6,0.049531261,101.0477168,515.8491472,1056.964482
M1B47,fix2,0.711900639,95.71918538,373.1842835,1358.978315
M1B48,fix1,0.726093918,143.971141,239.0725244,1585.300889
M1B48,a0,0.049193456,116.0365752,496.8883865,896.2137887
M1B48,a10,0.049873085,112.2074206,489.7586725,1516.97811
M1B48,U20,0.056979683,132.3844835,384.4120886,976.5199979
M1B48,o30,0.082783746,--undefined--,514.4459646,946.9863866
M1B48,a00,0.04498359,115.9103473,500.2198249,984.6778478
M1B48,a40,0.04400684,107.5957127,722.2209357,1901.434413
M1B48,U50,0.062465022,175.0087185,374.6628642,878.3934649
M1B48,o60,0.105776484,99.9345874,581.6119987,961.6596575
M1B48,fix2,0.738113754,112.5220019,436.6709408,1333.662538
M1B50,fix1,0.78337151,135.9003004,214.8295339,1847.151094
M1B50,a0,0.041725753,116.1181801,517.572346,1309.238788
M1B50,i10,0.048806386,109.5989361,367.1942515,1915.581933
M1B50,i20,0.040626932,117.4689151,427.3634214,1495.242761
M1B50,U30,0.088403914,97.03986672,491.7369343,942.7223426
M1B50,a00,0.036981104,106.6674505,486.818503,1323.151587
M1B50,i40,0.041700047,98.75488047,335.8131389,1897.710134
M1B50,i50,0.025904675,107.0095751,380.8721387,1156.778378
M1B50,U60,0.073684384,160.5974609,422.9523,916.0901404
M1B50,fix2,0.729071036,137.2839777,403.3275401,1371.329014
M1B51,fix1,0.677465888,--undefined--,872.516768,2471.357454
M1B51,e1,0.093711599,96.0905854,358.8692357,1903.949963
M1B51,I2,0.074534744,142.8123785,407.9269659,1638.002543
M1B51,a3,0.085318115,81.09553931,505.2427037,1217.927391
M1B51,e4,0.075073531,102.2380227,385.3503428,1634.019585
M1B51,I5,0.063495012,124.0501916,413.559814,1485.862007
M1B51,a6,0.060600661,89.96079853,471.8765158,1118.58396
M1B51,fix2,0.69457383,98.1717977,400.4353251,1389.214791
M1B52,fix1,0.635256425,--undefined--,1722.813335,3288.093485
M1B52,e0,0.076259263,119.5427725,487.4131064,1398.688061
M1B52,e10,0.039879715,120.2623263,419.3620613,1178.924682
M1B52,I20,0.091508817,129.1040055,412.056912,1617.017789
M1B52,a30,0.099931997,94.959208,538.5175041,1283.706932
M1B52,e00,0.028832063,111.0760075,428.9752268,1411.416926
M1B52,e40,0.030936971,114.9688609,441.2112313,1493.999249
M1B52,I50,0.051465934,122.6144096,398.2888652,1451.034477
M1B52,a60,0.053958466,104.0341314,436.9768826,1175.168772
M1B52,fix2,0.677319728,94.3512896,377.1428591,1445.898269
M1B53,fix1,0.662823532,--undefined--,1376.641156,2322.895678
M1B53,y1,0.076618837,108.5278205,242.3097721,2055.245733
M1B53,i2,0.073082282,111.6185895,355.3218619,1770.59627
M1B53,E3,0.136615906,118.9930249,592.2152079,1562.641964
M1B53,y4,0.069175979,106.6102171,289.4904227,2046.540637
M1B53,i5,0.057890484,101.0738115,400.982779,1581.022423
M1B53,E6,0.065198924,107.5315191,559.189199,1401.989029
M1B53,fix2,0.721212207,95.15361655,422.5330743,1413.990534
M1B54,fix1,0.640717641,--undefined--,1542.614733,2896.727201
M1B54,a0,0.050012489,115.5236714,482.933731,1363.626116
M1B54,i10,0.07277847,105.4488706,341.5857479,1872.689365
M1B54,I20,0.059093669,153.0343252,403.2256718,1878.806902
M1B54,o30,0.141494073,88.89877799,441.0037373,751.7161521
M1B54,a00,0.04399618,121.2954633,503.9328394,1276.857745
M1B54,i40,0.051077698,103.8489867,347.3403244,2000.668529
M1B54,I50,0.048479665,134.394979,405.6458944,1682.367601
M1B54,o60,0.164663143,102.8238525,483.5407913,883.6503593
M1B54,fix2,0.587517501,--undefined--,1671.936704,3314.246558
M1B55,fix1,0.67692097,--undefined--,1722.997454,3039.79301
M1B55,y1,0.080435401,134.4784112,269.7609956,1917.280338
M1B55,u2,0.063285268,126.3537698,404.9727181,923.735093
M1B55,E3,0.120189835,112.0869978,593.7805367,1462.100327
M1B55,y4,0.076690981,126.1895979,315.1377114,1593.044196
M1B55,u5,0.051869681,108.7004928,407.0725181,990.4977859
M1B55,E6,0.112125923,114.6803646,565.5441438,1450.700071
M1B55,fix2,0.782369707,98.479153,408.9305062,1376.905599
M1B56,fix1,0.711679118,152.4177773,287.4665139,2119.317256
M1B56,y1,0.069150335,110.2224907,247.9922961,2126.176078
M1B56,U2,0.045603795,142.614974,353.0018442,994.6742986
M1B56,o3,0.091886041,87.45101941,573.7438129,1552.835758
M1B56,y4,0.049012028,111.2234984,290.4234723,2098.106273
M1B56,U5,0.066377328,161.0625795,401.6193818,1012.723629
M1B56,o6,0.144990749,100.8243995,508.7787728,997.4689922
M1B56,fix2,0.641190028,102.7343451,371.37377,1420.739308
M1B58,fix1,0.699269865,--undefined--,561.42675,1921.783957
M1B58,a0,0.04213246,113.0723192,502.7920475,1312.358854
M1B58,i10,0.052256489,103.4864291,364.2730587,1829.765946
M1B58,I20,0.045444026,118.1505353,377.5403634,1789.969008
M1B58,a30,0.079409115,93.35150894,467.3949334,1178.662613
M1B58,a00,0.040461853,107.0789529,482.9506323,1420.927452
M1B58,i40,0.052780858,95.92760528,339.2853208,1968.734101
M1B58,I50,0.049837902,154.7868555,402.3311681,1750.157203
M1B58,a60,0.082003973,113.2150639,486.1665484,1253.120682
M1B58,fix2,0.736833058,110.6113245,402.5895459,1367.534676
M1B59,fix1,0.626205212,--undefined--,1123.095549,2456.377382
M1B59,a0,0.025158139,105.8943176,500.3229384,920.2216361
M1B59,a10,0.045549939,105.5602115,519.3593429,2050.962136
M1B59,u20,0.040405637,112.2583282,358.5161051,1554.669041
M1B59,E30,0.12557647,108.8617348,590.4189641,1498.795909
M1B59,a00,0.044232873,105.5528362,531.8318605,987.2827499
M1B59,a40,0.047128157,102.914037,519.7349012,1162.689243
M1B59,u50,0.049576179,102.2504987,392.163711,1420.369065
M1B59,E60,0.164119017,148.7510681,604.8333778,1428.782739
M1B59,fix2,0.678874672,105.0064014,362.9718831,1460.749457
M1B6,fix1,0.536967832,--undefined--,509.3234527,2047.423009
M1B6,a0,0.042123872,115.293848,582.2753903,1152.619235
M1B6,e10,0.052046355,118.1119837,390.6083048,1717.999879
M1B6,I20,0.070580725,169.7224044,375.7707001,1628.83258
M1B6,a30,0.077620834,92.86757833,447.4220894,1255.827547
M1B6,a00,0.033204785,109.1559404,423.7364947,1270.731306
M1B6,e40,0.04058193,111.0741968,253.2055219,1581.982676
M1B6,I50,0.053207868,135.5002709,361.3327822,1484.194532
M1B6,a60,0.054271948,101.8165824,461.0948444,1153.704844
M1B6,fix2,0.684743524,95.25258767,367.8225813,1390.197438
M1B61,fix1,0.660765247,--undefined--,1601.790166,2741.688797
M1B61,y1,0.084378742,115.0769242,252.317355,2201.036177
M1B61,U2,0.06784362,157.543344,457.6944141,1298.804711
M1B61,o3,0.102121431,90.54596618,493.775895,786.7970615
M1B61,y4,0.053090325,118.5721075,319.8957385,2230.11264
M1B61,U5,0.047733828,141.168078,399.865298,875.4742208
M1B61,o6,0.069482748,96.81346802,474.036098,717.4061585
M1B61,fix2,0.719315591,99.06748944,343.1728931,1354.875669
M1B62,fix1,0.650856732,--undefined--,1387.874227,1930.14836
M1B62,a0,0.07110254,107.3086012,476.9530467,730.8202701
M1B62,o10,0.072872221,106.2997905,417.6008691,695.2486539
M1B62,U20,0.057949594,148.8952714,376.5337174,886.1603314
M1B62,a30,0.080426049,89.99918983,540.9447559,1021.542385
M1B62,a00,0.052318959,107.5185689,504.9347308,834.83683
M1B62,o40,0.079247844,102.0747995,551.2105537,748.0298688
M1B62,U50,0.063985363,185.2221711,372.711858,864.3153447
M1B62,a60,0.077193509,102.0987877,449.6685615,965.3076296
M1B62,fix2,0.658245874,103.803467,376.5017284,1402.455427
M1B63,fix1,1.009944301,113.8958082,1877.087625,2629.992897
M1B63,u1,0.051703885,109.1941398,377.631815,888.6982237
M1B63,i2,0.057168608,106.9248725,295.8252252,1937.516532
M1B63,E3,0.10143936,96.13671265,633.570927,1883.297464
M1B63,u4,0.037888232,98.8657655,336.5397036,1029.517646
M1B63,I5,0.067513354,179.7068136,352.2326312,1889.808629
M1B63,e6,0.073134963,91.32232516,513.6487591,1615.799133
M1B63,fix2,0.698163004,103.6900542,400.5123163,1600.943671
M1B65,fix1,0.69622794,147.253836,302.1198749,1900.923165
M1B65,e1,0.060443273,106.4847712,394.591832,1359.632299
M1B65,U2,0.060180929,112.4451461,351.3504425,1043.915415
M1B65,o3,0.094473177,85.36138042,396.0957877,640.1634401
M1B65,e4,0.052805795,97.03184737,437.8893717,1456.76201
M1B65,U5,0.069172256,181.1789989,378.6815127,1151.760748
M1B65,o6,0.074753001,99.83377511,533.5374841,1041.919528
M1B65,fix2,0.708500524,108.3497214,395.5301112,1602.606042
M1B66,fix1,0.821247934,--undefined--,546.7157293,1891.974065
M1B66,a0,0.05681672,107.4169782,463.4530107,729.2186081
M1B66,o10,0.080312356,108.8319594,323.5789107,717.133307
M1B66,u20,0.051263206,112.1347394,310.6845202,1026.833057
M1B66,E30,0.126876433,97.30282674,556.8239086,1475.509497
M1B66,a00,0.05737931,103.2447639,615.1637461,732.5671187
M1B66,o40,0.049548246,101.9689896,576.4390912,2325.84878
M1B66,u50,0.048743757,101.2447152,362.7362528,974.0527174
M1B66,E60,0.071351005,154.6231512,572.1781436,1421.639524
M1B66,fix2,0.711993359,112.3295415,355.5548513,1400.889511
M1B67,fix1,0.683735778,--undefined--,1772.177278,2775.801542
M1B67,e1,0.068264343,118.3287142,451.4245937,1157.498465
M1B67,U2,0.048950833,136.320266,414.5382675,889.433518
M1B67,o3,0.097797673,95.86025409,688.6807162,2052.277622
M1B67,e4,0.047603514,101.9789086,408.4420591,1033.370723
M1B67,U5,0.042925861,162.6454864,356.7915655,930.8036621
M1B67,o6,0.098218369,104.0901247,476.0515969,823.9170061
M1B67,fix2,0.726022763,108.1577314,361.3201453,1457.935234
M1B68,fix1,0.721127645,--undefined--,1918.400414,2937.45815
M1B68,y1,0.04259139,109.3196,269.3291729,2011.713294
M1B68,U2,0.054097818,132.4190267,395.1025616,1185.119298
M1B68,a3,0.064298165,--undefined--,445.4622899,1387.280361
M1B68,y4,0.062856255,104.829834,253.2841355,1953.238086
M1B68,U5,0.071126596,220.0107339,421.4429818,1056.596592
M1B68,a6,0.06882952,101.4383225,514.9974322,1331.423136
M1B68,fix2,0.645542328,106.4483333,328.7145337,1329.075786
M1B69,fix1,0.721082116,139.8015683,238.9292291,1630.804074
M1B69,e1,0.079200558,100.7212976,377.6902816,1823.030115
M1B69,I2,0.063792193,150.6803516,370.5499453,1631.437862
M1B69,o3,0.078069008,96.6320724,476.941838,905.0480739
M1B69,e4,0.073357494,95.7840505,370.0301371,1899.569068
M1B69,I5,0.056594895,147.8049881,367.6521746,1746.962897
M1B69,o6,0.093551576,100.3156415,514.7187606,804.9382896
M1B69,fix2,0.706184428,108.1092428,422.3895282,1452.799888
M1B7,fix1,0.629747727,--undefined--,1024.13252,2364.146549
M1B7,e1,0.06779784,102.7415918,396.9352417,1627.757859
M1B7,U2,0.06694151,123.0715072,353.5636978,1261.204148
M1B7,e3,0.071521322,86.06230172,606.2697793,1529.407592
M1B7,e4,0.062107697,100.8574744,398.530588,1561.94988
M1B7,U5,0.067566943,122.0901708,368.1625392,1287.943819
M1B7,e6,0.038414824,--undefined--,452.3282811,1332.625266
M1B7,fix2,0.671662837,101.6894372,397.9317262,1402.194666
M1B70,fix1,0.72718041,122.268911,1985.535275,2751.573389
M1B70,a0,0.04750644,--undefined--,640.7198468,1255.384443
M1B70,e10,0.070138671,100.9510357,394.2062761,1736.70722
M1B70,i20,0.058908064,98.69917869,306.918119,1833.102528
M1B70,E30,0.147619856,117.5716972,580.0892595,1492.572266
M1B70,a00,0.043930174,--undefined--,1208.082512,2032.404301
M1B70,e40,0.054271948,99.92594502,403.9869533,1533.589524
M1B70,i50,0.045503261,95.49321457,359.619638,1696.063523
M1B70,E60,0.07699246,150.9855041,548.8886365,1453.026701
M1B70,fix2,0.668901019,110.4775185,420.4805393,1447.014167
M1B73,fix1,0.683449423,139.7999894,200.007854,1754.378587
M1B73,e1,0.103113069,107.6041794,365.8879301,1973.63145
M1B73,i2,0.058275328,117.5318162,381.2875168,1631.103996
M1B73,E3,0.112732777,107.6109768,577.5706011,1512.752501
M1B73,e4,0.071582565,97.0227742,363.1857412,1841.118899
M1B73,i5,0.059244327,96.88086767,308.3260325,1713.731299
M1B73,E6,0.13961677,178.6737151,428.1531856,1463.365621
M1B73,fix2,0.692604085,102.0494248,387.9094755,1531.665938
M1B74,fix1,0.651622793,--undefined--,1592.123776,3146.378998
M1B74,a0,0.055413984,105.5874839,533.8418204,841.5158248
M1B74,o10,0.067079456,122.2664018,476.5974654,761.2628308
M1B74,U20,0.062093883,146.3385648,384.3632218,872.8985384
M1B74,o30,0.087654847,90.45249762,513.2290135,874.4459112
M1B74,a00,0.048952669,107.198502,571.5134903,736.1599677
M1B74,o40,0.070358314,101.880565,503.4818408,731.0209684
M1B74,U50,0.034966191,148.2570503,344.409887,903.0651692
M1B74,o60,0.068878526,99.10481291,453.6607301,764.8846456
M1B74,fix2,0.662598605,102.7020095,382.1876737,1398.387719
M1B75,fix1,0.607443912,--undefined--,1634.595249,3009.789733
M1B75,e1,0.05704435,114.0524624,360.4535004,1642.009908
M1B75,U2,0.058019953,142.5106005,361.6463289,1151.376233
M1B75,a3,0.072128513,--undefined--,470.6418109,1228.397642
M1B75,e4,0.057855315,100.4009411,400.0407211,1656.409841
M1B75,U5,0.067970112,173.6576897,370.7669819,1251.251982
M1B75,a6,0.056108292,95.44319682,473.4511539,1294.316673
M1B75,fix2,0.661543462,113.414803,430.1530738,1367.467558
M1B76,fix1,0.782203421,157.2641719,292.7398909,1858.511906
M1B76,a0,0.035904305,111.0814176,589.6958814,845.1923338
M1B76,a10,0.039703308,108.765706,798.6542101,2203.297882
M1B76,u20,0.036826601,120.4490856,383.7722931,1054.712679
M1B76,U30,0.088424007,126.6965432,405.2520575,1068.689488
M1B76,a00,0.027424794,108.904918,537.2841473,933.6391556
M1B76,a40,0.039601658,101.2005954,454.5737713,999.1482217
M1B76,u50,0.03868674,101.7205846,427.2857086,1050.268715
M1B76,U60,0.084392965,166.3859144,433.2375422,1126.389337
M1B76,fix2,0.788347777,106.7722897,686.5170245,1760.559614
M1B77,fix1,0.689012717,--undefined--,603.4541403,2064.696147
M1B77,e1,0.039425748,107.7644363,443.4638978,1212.190508
M1B77,U2,0.060020269,139.2284141,375.6652564,920.169462
M1B77,a3,0.085994977,117.0768415,507.4280161,1196.347007
M1B77,e4,0.04757056,97.37802231,439.1534581,1186.683135
M1B77,U5,0.050923129,155.4162106,381.4642669,968.5079772
M1B77,a6,0.079529908,100.380242,518.7510222,1130.134522
M1B77,fix2,0.737413976,109.3034461,391.7263243,1419.784834
M1B78,fix1,0.708443715,--undefined--,859.2175629,2183.464871
M1B78,a1,0.058776476,107.1426525,571.0105281,1162.152795
M1B78,u2,0.045516079,112.7753812,389.6015248,1275.822421
M1B78,E3,0.117507611,107.2216256,666.3977572,1510.983272
M1B78,a4,0.057565753,99.51522042,537.5640133,1240.841981
M1B78,u5,0.053712134,101.22757,411.1891604,1641.466424
M1B78,E6,0.147683212,167.8953794,487.0325424,1455.108963
M1B78,fix2,0.73364389,112.2073435,374.3562894,1485.726396
M1B8,fix1,0.634997042,--undefined--,845.1953234,1968.793383
M1B8,u1,0.042381789,105.9991355,362.7534399,871.3222613
M1B8,I2,0.064536003,155.287045,384.4745062,1790.74729
M1B8,a3,0.074979013,--undefined--,528.7250556,1387.615298
M1B8,u4,0.040135981,99.29569594,389.4700466,1037.383003
M1B8,I5,0.060012127,130.4829316,383.6027505,1776.800408
M1B8,a6,0.051959388,94.42305375,480.6614576,1387.850514
M1B8,fix2,0.705058712,101.1858908,407.8801305,1358.62564
M1C10,fix1,0.670169157,149.5990959,181.8336278,1428.066611
M1C10,a1,0.04615789,--undefined--,389.0651535,1281.261489
M1C10,E2,0.086812477,134.174437,564.0084503,1499.441544
M1C10,u3,0.06090879,99.86189368,426.7004778,1060.72668
M1C10,a4,0.035156371,--undefined--,364.8192394,1189.83256
M1C10,E5,0.07199829,135.5682385,520.3429494,1437.178969
M1C10,u6,0.050319099,114.1064677,429.2787656,1001.240026
M1C10,fix2,0.66803356,104.3664772,394.6137904,1413.554233
M1C11,fix1,0.632472593,--undefined--,1724.406553,3290.718023
M1C11,e1,0.119052082,109.9223904,329.5663415,2070.714617
M1C11,i2,0.059065915,100.0737151,328.2423667,1648.476673
M1C11,E3,0.148418091,125.2038294,593.7977379,1557.216191
M1C11,e4,0.065355387,104.4769839,383.2165247,1748.581517
M1C11,i5,0.044066765,99.90785088,352.9091989,1478.188381
M1C11,E6,0.10450089,172.9243515,551.6780265,1454.151339
M1C11,fix2,0.767593537,112.8363977,431.0406915,1636.827183
M1C12,fix1,0.686500887,157.3692939,238.0311304,1993.609031
M1C12,y1,0.057989549,128.1193264,282.6254722,1647.607802
M1C12,u2,0.057681108,122.4901924,365.4870252,907.9884259
M1C12,U3,0.09527424,127.7857581,422.8378066,936.6367377
M1C12,y4,0.063521507,121.4509054,335.2406523,1332.276527
M1C12,u5,0.051643607,107.0490602,390.1530059,883.4668076
M1C12,U3,0.073320426,122.8189239,455.4677601,772.9548943
M1C12,fix2,0.711932076,100.663553,358.9679673,1313.264924
M1C14,fix1,0.718816561,--undefined--,1416.566177,2861.782986
M1C14,y1,0.08632928,106.3365533,241.271716,2220.049969
M1C14,I2,0.065387947,133.0308622,359.179396,1667.591933
M1C14,o3,0.119753129,87.54190248,574.5936356,863.9134184
M1C14,y4,0.069578202,104.2702871,287.567795,2085.698607
M1C14,I5,0.049551212,152.2755867,362.5790915,1730.506473
M1C14,o6,0.067955633,114.3616485,591.7591076,693.5081723
M1C14,fix2,0.697325523,105.67174,340.8682395,1473.745842
M1C15,fix1,0.723444959,146.2369864,163.4028557,1683.451373
M1C15,a1,0.038268153,102.8932397,508.4570291,1384.707814
M1C15,E2,0.077003735,107.6890133,574.9004695,1514.577424
M1C15,a3,0.063800027,88.6622727,1055.63092,2285.240881
M1C15,a4,0.029587233,--undefined--,312.0584225,1354.838763
M1C15,E5,0.080270315,163.292189,521.5482739,1492.661636
M1C15,a6,0.050804891,117.9277575,483.3338914,1102.103992
M1C15,fix2,0.634733527,110.3529345,337.7137094,1430.601618
M1C16,fix1,0.665495036,--undefined--,1456.371164,2557.850806
M1C16,a0,0.038166926,124.4837226,491.3124798,1292.702148
M1C16,i10,0.040061039,113.6122877,335.3662,1960.163838
M1C16,i20,0.030379621,125.9495586,402.3856962,1538.365525
M1C16,U3,0.094143431,128.2795793,462.3120304,1003.942714
M1C16,a00,0.02799791,120.1101755,461.3275551,1393.876037
M1C16,i40,0.035618686,111.9010884,303.8540354,2034.002576
M1C16,i50,0.023411076,132.3462784,355.067154,1891.633572
M1C16,U60,0.062330693,141.4713243,385.7717023,992.2296851
M1C16,fix2,0.651672095,103.4197331,397.1599393,1327.979098
M1C17,fix2,0.752843635,--undefined--,467.9256415,2208.456415
M1C17,y1,0.045911126,114.473842,322.6448971,1856.792491
M1C17,U2,0.058747058,145.6225078,457.0756656,771.5948389
M1C17,a3,0.079450169,--undefined--,322.701879,642.0629388
M1C17,y4,0.056076626,105.2355798,305.0408984,1474.733889
M1C17,U5,0.058673689,173.7921594,392.249457,903.909203
M1C17,a6,0.062610894,105.8151316,525.4782777,1003.148285
M1C17,fix2,0.690259138,108.8023741,394.1339923,1374.69311
M1C18,fix1,0.707453926,--undefined--,1950.350274,3055.331612
M1C18,a1,0.079066089,117.5030089,497.2628612,1215.198817
M1C18,u2,0.03494101,140.8178903,558.102488,1887.947468
M1C18,U3,0.072695827,113.5118308,516.5396459,820.3982487
M1C18,a4,0.06720273,102.1969844,490.0137451,1175.497007
M1C18,u5,0.041779427,109.0324971,500.9827199,1899.790636
M1C18,U6,0.080286588,195.4737219,474.321858,2247.401199
M1C18,fix2,0.660181406,115.7520595,390.55888,1320.510408
M1C19,fix1,0.521303706,--undefined--,1756.190803,3210.811868
M1C19,a1,0.030446659,107.5336242,476.1073431,1219.439065
M1C19,E2,0.064546812,158.7095138,602.0157954,1517.907307
M1C19,o3,0.078153377,87.61167582,617.0469991,1447.289271
M1C19,a4,0.043953657,100.5094508,498.5996108,1191.236419
M1C19,E5,0.073772248,151.1330797,527.0958023,1651.224397
M1C19,o6,0.040085331,--undefined--,459.8068255,889.6979722
M1C19,fix2,0.630376002,--undefined--,305.7059093,1381.451537
M1C22,fix1,0.597964537,--undefined--,1592.684612,2550.737237
M1C22,a0,0.042075859,113.5292625,494.9946275,1325.193367
M1C22,i10,0.043389424,113.2760542,322.2966829,2018.365541
M1C22,I20,0.041523565,143.2857424,376.7100331,1831.94021
M1C22,a30,0.070736994,89.09027844,527.301553,1233.684156
M1C22,a00,0.039841124,104.842909,492.2039401,1525.110828
M1C22,i40,0.044988203,94.18192876,341.3140734,1911.767718
M1C22,I50,0.042938633,174.6296491,390.1699968,1930.043585
M1C22,a60,0.063242845,102.1177991,533.7562761,1050.350303
M1C22,fix2,0.651706857,113.1862214,347.6367796,1370.051885
M1C23,fix1,0.568898685,--undefined--,1629.390164,2289.773289
M1C23,a1,0.054472515,101.4056674,471.147887,1150.785738
M1C23,U2,0.044760361,148.5592385,385.361414,818.8883012
M1C23,o3,0.089934973,90.9392035,619.9573985,2203.209292
M1C23,a4,0.058399019,97.34478821,461.4025274,1092.523879
M1C23,U5,0.065776057,191.7730243,373.4471891,973.3813694
M1C23,o6,0.077805425,100.2181033,485.0408659,917.1186594
M1C23,fix2,0.716398547,138.5063637,336.50554,1356.910171
M1C24,fix1,0.54509993,--undefined--,1362.929405,2570.068893
M1C24,u1,0.038395411,105.3914513,432.0807244,709.984287
M1C24,I2,0.056287892,140.9127441,364.4605505,1652.357208
M1C24,a3,0.061253605,90.48616465,551.5549712,1454.192164
M1C24,u4,0.031944193,105.2798712,374.1347621,1005.603995
M1C24,I5,0.054481784,128.6932238,357.4840436,1727.302435
M1C24,a6,0.047569981,96.68763885,432.3023861,1332.52398
M1C24,fix2,0.595998299,100.0181393,406.9806759,1403.50461
M1C25,fix1,0.584592758,--undefined--,1397.739186,2933.285944
M1C25,y1,0.052047611,112.3736131,321.5517556,1323.842253
M1C25,U2,0.062373707,152.4198184,389.6451195,785.9839086
M1C25,o3,0.104579914,88.87485709,479.8258454,842.6069898
M1C25,y4,0.040728635,120.0339858,346.8361753,1408.093342
M1C25,U5,0.039313329,137.0401072,440.4234981,684.9351998
M1C25,o6,0.059538144,102.3890413,504.2658051,797.0302719
M1C25,fix2,0.650613865,93.53732272,365.010061,1470.141859
M1C26,fix1,0.765242289,165.2000548,301.3984076,1599.924221
M1C26,y1,0.062232875,126.0146889,267.697005,2147.106385
M1C26,u2,0.044336034,110.3212235,360.40232,1362.212936
M1C26,E3,0.158414709,153.8403973,620.5998499,1557.927174
M1C26,y4,0.045010826,123.7635028,306.9493494,2029.03016
M1C26,u5,0.043005705,123.7438289,349.3022848,1283.928199
M1C26,E6,0.061465258,137.213445,519.5783915,1540.232388
M1C26,fix2,0.634058033,103.7846647,390.3819846,1380.529777
M1C27,fix1,0.640391143,--undefined--,1771.753242,3215.846786
M1C27,e1,0.049943924,116.2531323,472.8618383,1167.646117
M1C27,U2,0.049957008,149.6441476,391.6874523,949.8519923
M1C27,o3,0.095136815,107.1691367,513.4085323,1440.48968
M1C27,e4,0.045761892,117.3661623,470.8779971,1040.29631
M1C27,U5,0.048716132,149.0185351,389.4260337,943.5901174
M1C27,o6,0.051054506,104.0419197,457.8212214,883.785178
M1C27,fix2,0.675293669,99.90770886,333.9443399,1540.022864
M1C29,fix1,0.72945833,--undefined--,175.2595071,1988.447758
M1C29,a1,0.041892026,101.009215,553.0204712,1165.709899
M1C29,E2,0.081442278,116.2367387,531.3291086,1623.084604
M1C29,e3,0.085995662,100.96553,547.6859446,1454.978164
M1C29,a4,0.035048446,104.923511,444.2686681,1423.189524
M1C29,E5,0.066116887,154.6466538,460.0230102,1708.329749
M1C29,e6,0.036896957,--undefined--,499.1681712,1465.996094
M1C29,fix2,0.693394432,109.1524956,417.5598564,1357.896922
M1C30,fix1,0.552415792,--undefined--,544.1099679,2088.666099
M1C30,e1,0.07025168,97.82063059,378.8884103,1884.01033
M1C30,I2,0.053486081,149.0661081,343.6185353,1634.904149
M1C30,o3,0.084849406,93.15751804,529.7108046,823.6014006
M1C30,e4,0.064917572,95.81552809,370.1439605,1817.708804
M1C30,I5,0.05930992,154.8055451,353.3530357,1402.758124
M1C30,o6,0.075658826,121.9883883,549.2446556,744.9112574
M1C30,fix2,0.739564331,121.8970532,432.7542633,1370.072147
M1C31,fix1,0.659471862,147.797459,278.8916138,1863.418976
M1C31,a0,0.058487732,115.8913704,474.3951292,898.2738928
M1C31,o10,0.077927982,113.8370266,535.8848777,1913.590438
M1C31,U20,0.070253046,163.8393644,415.7903468,882.841138
M1C31,a30,0.091791909,--undefined--,588.4580163,973.6822764
M1C31,a00,0.049990563,108.6002374,503.5871914,783.1722307
M1C31,o40,0.068870952,105.0078844,440.4834238,667.6801034
M1C31,U50,0.030548618,123.1407216,431.7915457,945.5208253
M1C31,a60,0.052227089,101.1079255,456.7428394,984.9347963
M1C31,fix2,0.731810134,95.58845482,375.1916303,1413.21777
M1C32,fix1,0.608517508,--undefined--,1496.342919,2829.308717
M1C32,a0,0.043209137,111.6449289,498.4563912,944.1591286
M1C32,a10,0.042656969,108.5089136,477.3630319,874.624978
M1C32,u20,0.036138152,116.7581,529.3841832,1565.391691
M1C32,U30,0.083527763,138.3419092,418.6090485,1075.442996
M1C32,a00,0.044587609,106.0298682,545.4945417,1113.234027
M1C32,a40,0.042893683,101.5738967,476.042594,1311.96363
M1C32,u50,0.041683054,104.0097936,545.3823651,2018.952417
M1C32,U60,0.070346963,161.3207642,480.7839428,2261.793164
M1C32,fix2,0.720362812,114.6784303,408.0375704,1353.058337
M1C33,fix1,0.700601164,139.6544995,168.8631232,2082.248771
M1C33,e0,0.048654413,100.0743534,479.3217877,1478.767166
M1C33,e10,0.041969804,110.9611548,436.2669497,1449.993415
M1C33,I20,0.066453328,127.2066522,401.6461822,1591.01727
M1C33,a30,0.08191128,--undefined--,546.2398755,1191.951698
M1C33,e00,0.038624642,103.1797218,433.4683092,1426.938088
M1C33,e40,0.036352604,102.8829083,426.7532492,1452.744586
M1C33,I50,0.076918246,195.9529832,440.21732,1535.479818
M1C33,a60,0.05894115,96.84514448,472.9557792,1162.005076
M1C33,fix2,0.674953864,107.3769094,411.3814035,1270.835232
M1C34,fix1,0.603278163,--undefined--,635.7915667,1766.41105
M1C34,u1,0.047233337,106.3710324,372.2994253,986.3500038
M1C34,I2,0.052547087,144.4996312,336.6147071,1990.18784
M1C34,e3,0.064810706,91.46562533,450.4661015,1689.307208
M1C34,u4,0.045098025,111.1425022,352.3579633,914.9241549
M1C34,I5,0.08387991,140.0988808,319.3413994,1867.234075
M1C34,e6,0.067938273,99.24984577,445.7789353,1576.687165
M1C34,fix2,0.637211239,96.34077609,422.1672822,1310.670819
M1C36,fix1,0.674536441,133.2604122,185.3930349,2208.270628
M1C36,a0,0.038043428,115.9597162,534.771756,1458.80648
M1C36,e10,0.033582254,108.5683602,388.8771897,1663.89374
M1C36,I20,0.050155544,136.1441121,379.6195532,1540.283619
M1C36,u3,0.066936232,97.35121292,427.8669201,1172.312668
M1C36,a00,0.031851458,105.8155954,414.7313773,1252.278546
M1C36,e40,0.033729266,101.5622405,372.2664639,1570.31817
M1C36,I50,0.047147722,156.5245726,389.9812594,1484.789767
M1C36,u60,0.038460657,139.5756561,380.5919024,1176.951087
M1C36,fix2,0.637949421,128.1570549,394.2361485,1439.247353
M1C37,fix1,0.653622184,127.7081517,271.6538062,1400.493933
M1C37,y1,0.074429156,108.9594698,282.8597267,2195.61718
M1C37,I2,0.060500608,130.2567286,352.38415,1746.801786
M1C37,a3,0.093919592,--undefined--,524.5781957,1262.46434
M1C37,y4,0.078971085,96.29712055,253.6979315,2097.239873
M1C37,I5,0.054022073,158.9196522,376.120518,1729.402812
M1C37,a6,0.071029022,113.0883393,514.2677133,1214.878338
M1C37,fix2,0.726750985,108.6403217,389.8476949,1440.905446
M1C38,fix1,0.605350703,--undefined--,1599.799872,2626.724282
M1C38,a0,0.045097257,105.3935086,486.9674804,883.969791
M1C38,o10,0.079322291,115.1783568,489.9696413,699.870751
M1C38,u20,0.050994534,118.0942781,388.9704174,950.3714243
M1C38,U30,0.092197793,114.0268255,370.9748721,920.2409606
M1C38,a0,0.057075628,107.2121696,493.4435018,844.081517
M1C38,o40,0.07328583,106.7385089,437.4228357,813.091824
M1C38,u50,0.046878698,100.0456265,428.1503623,900.5633212
M1C38,U60,0.078719121,175.803818,465.8250546,784.8076867
M1C38,fix2,0.713204256,109.8981509,366.3792554,1365.475329
M1C39,fix1,0.631448454,--undefined--,337.8764219,1975.291746
M1C39,e1,0.045903421,121.1655856,477.0646401,1185.187762
M1C39,U2,0.056804811,194.3160732,506.8468531,794.1330674
M1C39,a3,0.065243206,--undefined--,369.1650833,1030.527406
M1C39,e4,0.059893256,98.42866488,488.6361936,1161.203945
M1C39,U5,0.073099923,195.7676212,418.4485974,915.5650548
M1C39,a6,0.065634866,--undefined--,481.0293887,1061.187877
M1C39,fix2,0.683121498,116.1926884,370.1460051,1292.058562
M1C40,fix2,0.674720626,--undefined--,861.3446369,1953.695747
M1C40,e1,0.055385748,114.0630252,393.579129,1703.276845
M1C40,u2,0.061014708,123.597902,348.2857061,1571.438181
M1C40,E3,0.085989519,99.4662144,562.8215266,1462.459457
M1C40,e4,0.060572804,106.8815059,370.5662761,1837.337617
M1C40,U5,0.063773916,171.5891806,356.2730148,1594.378591
M1C40,e6,0.040590035,104.366275,463.9332329,1408.391875
M1C40,fix2,0.652539595,106.819164,371.9908107,1634.850237
M1C41,fix1,0.572420961,140.0367383,818.9258163,2352.438497
M1C41,y1,0.049051956,122.0014831,263.2091185,2171.570464
M1C41,u2,0.031480997,130.2555157,413.0345418,1353.207609
M1C41,U3,0.090251161,125.5031027,442.8351974,1094.299814
M1C41,y4,0.046772361,112.3219259,288.3802493,2034.078578
M1C41,u5,0.02996728,117.1109665,334.850238,1730.261432
M1C41,U6,0.083204712,207.3191842,432.6410846,1203.696778
M1C41,fix2,0.598884766,109.5454199,383.7493647,1405.449352
M1C43,fix2,0.686827808,135.2934967,260.9300267,1760.91078
M1C43,e0,0.027792349,111.5774012,401.8485712,1387.067783
M1C43,e10,0.031899957,114.3803345,439.7552132,1463.8544
M1C43,i20,0.067135151,113.785099,425.9474805,1472.798855
M1C43,U30,0.093044637,104.9350204,408.9601007,921.7190401
M1C43,e00,0.031325399,100.2361993,422.4329264,1390.241088
M1C43,e40,0.043598761,103.5473773,442.5248981,1535.04335
M1C43,i50,0.038213436,100.4933344,397.7216527,1360.083994
M1C43,U60,0.0803559,147.2342835,407.073081,1033.974247
M1C43,fix2,0.713156857,111.5987647,378.2083844,1487.326467
M1C44,fix1,0.542600956,--undefined--,1800.709554,2887.147295
M1C44,a0,0.07270129,115.8639028,703.8250423,1331.633538
M1C44,e10,0.048362625,127.2593146,398.057751,1676.472884
M1C44,I20,0.052985282,154.5205062,371.2483447,1790.266454
M1C44,o30,0.118728285,91.14423839,562.4827794,892.2657494
M1C44,a00,0.035684832,108.6440349,460.9035202,1266.863547
M1C44,e40,0.041610054,102.4646801,379.3110461,1595.481869
M1C44,I50,0.033712321,164.3818039,321.9332007,1439.905563
M1C44,o60,0.11121874,98.13662127,646.3567135,807.8196197
M1C44,fix2,0.66558579,111.4893505,323.8511021,1382.929526
M1C45,fix2,0.667366625,--undefined--,1162.475614,2455.446919
M1C45,e1,0.047155495,105.3086914,403.3527295,1648.440369
M1C45,U2,0.052054643,140.6581149,356.6239102,1107.047134
M1C45,a3,0.071630694,85.63950786,472.8315774,1128.484233
M1C45,e4,0.050506178,95.02653944,425.8224645,1654.222432
M1C45,U5,0.063584616,158.1050339,402.6974828,1169.207599
M1C45,a6,0.064892727,97.91501889,492.4036354,1297.713786
M1C45,fix2,0.806230767,114.8135161,413.4884707,1376.660391
M1C46,fix1,0.628982824,--undefined--,1687.931229,3016.67269
M1C46,i1,0.059635497,105.2836616,296.9134236,1805.250206
M1C46,I2,0.055028902,133.0226925,310.5985139,2096.567915
M1C46,e3,0.063141886,88.5484368,470.569125,1554.19117
M1C46,y4,0.061266614,100.7853768,259.963143,1722.750355
M1C46,I5,0.062669199,166.7576871,331.8686836,2050.372651
M1C46,a6,0.074135049,90.65466109,439.7582193,1608.326194
M1C46,fix2,0.659563492,94.35537467,375.7876249,1581.45394
M1C47,fix1,0.700418851,--undefined--,1631.705854,3028.381187
M1C47,e1,0.080885012,115.0980965,374.5733391,1823.74779
M1C47,I2,0.059366778,147.6360334,370.1957268,1652.700225
M1C47,u3,0.07372345,104.9881636,410.1884324,1029.366144
M1C47,e4,0.055098575,116.5163155,407.5707092,1699.180801
M1C47, ,0.076799344,120.1775798,238.0661363,1396.907969
M1C47,I5,0.044262315,141.8635115,374.4187173,1329.881147
M1C47,u6,0.048502267,115.1264799,436.2461616,1064.896459
M1C47,fix2,0.720425944,105.6329282,273.4489851,1616.878061
M1C48,fix1,0.605763807,--undefined--,1468.243588,2696.982951
M1C48,e0,0.044901494,118.7247627,457.6798031,1584.66084
M1C48,e10,0.043012165,110.6280251,434.2991735,1712.171777
M1C48,I20,0.077277162,140.4758408,354.1346647,1850.633057
M1C48,a30,0.089733583,87.66675171,359.5718896,1542.563252
M1C48,e00,0.025798846,105.702688,394.6191975,1454.88564
M1C48,e40,0.035968115,108.3653663,413.7625794,1559.884325
M1C48,i50,0.052170691,99.95165863,363.8403116,1610.914369
M1C48,E60,0.06304999,142.7376326,548.8370208,1516.005394
M1C48,fix2,0.652469994,113.6238316,370.5836672,1494.67908
M1C50,fix1,0.63314125,--undefined--,836.7443904,2344.917921
M1C50,a1,0.060870357,108.9028121,526.8847057,1223.5106
M1C50,u2,0.038703074,120.2383385,417.8915598,1724.326792
M1C50,E3,0.079191924,110.0113473,583.0120044,1572.110475
M1C50,a4,0.055974727,100.2889618,531.3515082,1117.111083
M1C50,u5,0.044411041,100.7881857,400.1733509,1566.066918
M1C50,E6,0.086216125,155.284213,536.8505462,1692.424626
M1C50,fix2,0.65397868,--undefined--,310.1483738,1606.923064
M1C51,fix1,0.553355617,--undefined--,1562.944663,2691.967901
M1C51,a1,0.04232443,112.4110802,487.3601705,1173.965909
M1C51,U2,0.039021076,127.6954218,662.1952818,2336.237576
M1C51,o3,0.08236389,90.33477452,515.0087434,842.1964321
M1C51,a4,0.036001479,100.9551975,473.4059478,1258.958081
M1C51,U5,0.04289831,155.2879142,437.1329331,1006.684636
M1C51,o6,0.050315922,113.8540254,468.3276936,876.3323544
M1C51,fix2,0.664257972,103.9459819,469.6964946,1518.320271
M1C52,fix1,0.704877362,144.2126252,266.358144,1908.169893
M1C52,u1,0.040591888,125.6317066,377.4030388,902.2622952
M1C52,I2,0.05829923,148.5548939,317.2593405,1900.284913
M1C52,u3,0.06513313,99.65704778,406.1770021,1104.059659
M1C52,u4,0.036565966,103.1635334,375.7468684,938.5688818
M1C52,I5,0.067470054,156.1561514,357.2498556,1720.082502
M1C52,u6,0.058585298,103.3231646,422.6408295,1163.269951
M1C52,fix2,0.662191435,101.5710485,299.3512004,1410.901666
M1C53,fix1,0.580175026,--undefined--,1820.232746,2965.740887
M1C53,a0,0.0537978,105.5873872,534.0136441,1397.417866
M1C53,i20,0.064323548,101.4824306,369.5154014,1928.298131
M1C53,I20,0.054827739,155.8940612,419.909745,1911.091716
M1C53,o30,0.095219599,90.93118713,492.5624845,830.5005373
M1C53,a00,0.032426875,116.0185414,498.028614,1354.048923
M1C53,i40,0.037890636,101.4226617,339.0437024,1987.019835
M1C53,I50,0.039648827,137.0997826,376.8529718,1985.296888
M1C53,o60,0.046771253,97.47249504,516.4879305,615.9358059
M1C53,fix2,0.665326279,97.71129962,395.3451531,1409.094001
M1C54,fix1,0.784877705,119.4824132,258.5678682,1033.095098
M1C54,y1,0.061325414,116.1027524,292.9508266,2120.780769
M1C54,i2,0.04501694,116.9030946,378.75947,1451.058663
M1C54,U3,0.109101676,121.7818426,471.6338067,1072.438985
M1C54,y4,0.06207707,107.1704835,300.6310068,2046.901701
M1C54,i5,0.040627082,105.5647657,346.7216492,1598.743033
M1C54,U6,0.077689268,161.7045463,423.1637796,988.5285308
M1C54,fix2,0.667884044,121.3754434,337.7057866,1441.303832
M1C55,fix1,0.62373065,--undefined--,1787.241067,3319.128293
M1C55,a0,0.041243065,113.4152645,725.0143217,1307.492761
M1C55,e10,0.039553516,125.2924331,327.580748,1718.548685
M1C55,I20,0.059312526,163.0243718,323.8713868,1676.373019
M1C55,a30,0.077283988,94.11185261,468.7113423,1311.035267
M1C55,a00,0.031782021,107.8006302,458.1487048,1313.01775
M1C55,e40,0.033801129,108.7505137,401.6870774,1596.056446
M1C55,I50,0.062319335,142.9873423,399.1215724,1519.259523
M1C55,a60,0.052869715,102.8040865,440.2653268,1215.311065
M1C55,fix2,0.650548186,100.6652761,369.2609605,1438.360127
M1C56,fix1,0.706197347,146.6930072,194.1285695,1779.564179
M1C56,e1,0.060678127,106.0597095,416.2101552,1542.678738
M1C56,U2,0.069046391,135.6267643,346.3204506,1046.851387
M1C56,u3,0.061076905,--undefined--,444.9630942,849.3221844
M1C56,e4,0.055921734,102.5870395,399.7707825,1591.866382
M1C56,u5,0.040160131,126.4418136,363.9989281,1202.470632
M1C56,U6,0.08571644,191.1337146,390.8970103,1109.222791
M1C56,fix2,0.678123712,113.247996,434.551863,1388.04044
M1C58,fix1,0.660807357,--undefined--,163.3088788,2165.359332
M1C58,e0,0.031592574,120.2441104,464.0008241,1368.434821
M1C58,e10,0.02489088,130.149323,386.8334899,1478.282604
M1C58,I20,0.078287847,132.9165866,407.6603902,1603.562273
M1C58,o30,0.06680338,88.34293277,474.8418972,1006.179109
M1C58,e00,0.045465636,105.2959695,471.242483,1442.119973
M1C58,e40,0.02688741,112.0283544,424.6532113,1483.443397
M1C58,I50,0.057129972,161.449103,430.4540243,1350.714996
M1C58,o60,0.060752848,131.4054781,563.4579226,992.3162662
M1C58,fix2,0.65827337,112.9984325,409.1296052,1398.936472
M1C6,fix1,0.594245491,--undefined--,1837.259234,2629.572213
M1C6,e1,0.086348307,107.998548,388.7202924,1894.943231
M1C6,I2,0.053772743,125.0376245,440.7958126,1615.483589
M1C6,a3,0.078272833,86.57513785,512.8616359,1208.563005
M1C6,e4,0.053273632,104.5074707,394.215649,1692.368478
M1C6,I5,0.057095963,128.0501732,452.3291986,1450.309514
M1C6,a6,0.051352542,104.8051108,490.7172804,1171.843809
M1C6,fix2,0.635716648,101.6611158,375.4488857,1434.392684
M1C60,fix1,0.880763314,157.8001787,282.1779286,1963.616566
M1C60,i1,0.068155016,106.7390766,305.2272507,1882.804
M1C60,I2,0.079690072,150.5792285,341.0759835,1992.054878
M1C60,a3,0.085804203,--undefined--,424.4474361,1411.682156
M1C60,i4,0.06479901,102.1341879,294.1750621,1736.008581
M1C60,I5,0.053097887,137.5295008,363.002022,1974.262642
M1C60,a6,0.046512201,99.54642341,462.2748984,1369.448718
M1C60,fix2,0.707880628,100.3339521,407.6120158,1478.635321
M1C61,fix1,0.707162925,153.0557868,254.8361612,1712.074782
M1C61,a1,0.036726276,117.2646,513.1472344,1157.68209
M1C61,u2,0.031710308,122.4277935,425.9043058,652.1885101
M1C61,U3,0.087118941,135.3660616,465.1301518,1081.227606
M1C61,a4,0.037586828,108.5208926,516.3130323,1339.821612
M1C61,u5,0.039724775,109.2966438,442.8563871,1300.921771
M1C61,U6,0.081593572,145.4448425,453.3768263,1219.049641
M1C61,fix2,0.7420767,98.59896937,416.0750231,1373.108248
M1C62,fix1,0.797824182,161.412108,264.1512126,1835.808331
M1C62,y1,0.067470211,116.0010673,272.0491969,2108.098463
M1C62,i2,0.062785208,116.9656215,394.9827939,1738.83395
M1C62,E3,0.148231304,107.475821,606.1140205,1518.124332
M1C62,y4,0.073730444,120.9147063,267.7829572,2141.363149
M1C62,i5,0.064944816,106.843056,377.5944874,1799.936557
M1C62,E6,0.124139091,137.6038432,554.9063247,1442.93064
M1C62,fix2,0.726695714,105.5528884,384.9144169,1389.785108
M1C63,fix1,0.754489246,--undefined--,163.9887612,1898.698048
M1C63,e1,0.058692005,113.3165927,513.9559973,1297.558792
M1C63,u2,0.04094261,115.7014508,413.1230593,945.029552
M1C63,U3,0.105751329,123.0353002,496.3600933,934.651114
M1C63,e4,0.062788653,113.9619412,521.7132297,1219.873307
M1C63,u5,0.043179561,106.5762857,442.4461628,1018.597899
M1C63,U5,0.084484638,173.0186224,452.7622877,958.2696451
M1C63,fix2,0.819660698,107.4792448,420.6319889,1425.629197
M1C65,fix1,0.713369836,157.1363289,194.6417437,2163.165752
M1C65,a0,0.049755045,110.4598089,618.5868718,755.2348694
M1C65,a10,0.036134219,111.5069268,328.7720382,951.8226073
M1C65,U20,0.050265225,135.7816857,389.4736888,1504.350453
M1C65,e30,0.088603981,91.45080611,602.1367461,1460.273913
M1C65,a00,0.048679407,101.1863361,488.8183007,929.5297953
M1C65,a40,0.04367802,--undefined--,520.9803172,1233.61591
M1C65,U50,0.051140725,172.6757785,369.2428521,1373.496337
M1C65,e60,0.070997662,105.0084516,506.938732,1460.447972
M1C65,fix2,0.662399493,103.0832691,356.4602235,1667.352353
M1C66,fix1,0.660859644,146.4255628,298.1943467,1838.169667
M1C66,a0,0.060007864,112.3321569,480.7184452,845.1562739
M1C66,o10,0.059553259,118.4987872,486.1980877,680.3933972
M1C66,U20,0.058263148,133.9622525,729.174042,2713.166369
M1C66,o30,0.080437223,--undefined--,454.9050815,775.1085554
M1C66,a00,0.048358922,107.9978547,489.9047522,804.8352476
M1C66,o40,0.089146498,104.7281147,464.8221725,623.448595
M1C66,U50,0.051109154,172.204312,406.6138596,837.3137293
M1C66,o60,0.099112522,99.8685012,533.199166,815.7554533
M1C66,fix2,0.685595955,105.2389569,362.8302283,1412.716484
M1C67,fix1,0.697244952,163.8702108,263.3314116,1943.378212
M1C67,y1,0.040653615,110.123355,278.1782526,2107.421089
M1C67,U2,0.039044009,142.6142789,453.517197,1008.290488
M1C67,a3,0.067036055,94.66197862,558.4946764,1356.794589
M1C67,y4,0.049942801,101.258381,286.6499589,2045.099116
M1C67,U5,0.035383343,189.6212804,408.2562967,1321.447343
M1C67,a6,0.058931132,103.4054027,536.5176627,1360.958987
M1C67,fix2,0.69945379,106.0077328,875.040641,1874.065706
M1C68,fix1,0.625954258,--undefined--,1389.993225,2590.310132
M1C68,a1,0.060144197,112.5711901,477.9407765,1092.351141
M1C68,U2,0.057322743,132.6120766,512.2034735,1696.044785
M1C68,a3,0.074043658,--undefined--,471.7269729,1280.147424
M1C68,a4,0.058793463,103.3706874,458.4270201,1127.41525
M1C68,U5,0.048919086,186.8062114,460.0406574,1172.813125
M1C68,a6,0.05864851,102.8816228,501.8213033,1243.483635
M1C68,fix2,0.733718649,102.8111674,348.5699432,1460.633734
M1C69,fix1,0.721423946,142.4274147,210.394929,2150.711723
M1C69,y1,0.06814749,131.5280746,268.7359415,2211.42273
M1C69,u2,0.054872583,116.691887,406.749378,989.1607237
M1C69,E3,0.126356252,115.148963,633.7736557,1442.676396
M1C69,y4,0.051762359,123.6022837,320.7033999,1754.054634
M1C69,u5,0.037322637,109.9903744,415.5677829,1088.927551
M1C69,E6,0.069002242,119.5397732,594.0247705,1313.3521
M1C69,fix2,0.692999642,103.8678662,381.088317,1417.599102
M1C7,fix1,0.644495672,--undefined--,1557.504809,2888.249878
M1C7,u1,0.043140143,104.0508873,584.4218648,2429.332655
M1C7,I2,0.06920838,158.2667231,335.3703823,1797.299749
M1C7,o3,0.077106936,94.81500673,564.8311243,838.626254
M1C7,u4,0.040761873,99.99706814,392.5833928,994.5723876
M1C7,I5,0.064275809,177.4828503,368.9175126,1650.42002
M1C7,o6,0.055414717,101.3568575,584.2248195,754.5044617
M1C7,fix2,0.693462774,101.917302,424.9747533,1402.882119
M1C70,fix1,0.784153974,147.2854489,171.006503,2195.481049
M1C70,a1,0.033678913,114.6547478,491.4777051,1279.854262
M1C70,U2,0.049816704,148.9456756,361.3545309,865.7026538
M1C70,a3,0.066249832,91.78306144,536.1392155,1573.141477
M1C70,a4,0.038713218,108.0340933,481.7365708,1544.361737
M1C70,U5,0.047816912,184.2580306,412.9901026,1699.023318
M1C70,a6,0.06094716,117.0235757,509.8226795,1314.840044
M1C70,fix2,0.718415251,104.4487629,294.2906195,1802.233019
M1C72,fix1,0.758224981,139.4836334,180.1612378,1902.110212
M1C72,a0,0.048373865,108.660002,618.230899,1099.603341
M1C72,a10,0.045913925,103.576709,517.9793568,1074.083655
M1C72,U20,0.057435024,137.1158205,411.3899238,1019.302061
M1C72,o30,0.085091982,81.12428591,494.8432694,1028.621513
M1C72,a00,0.032642734,102.0343063,525.548086,857.7658243
M1C72,a40,0.042357834,101.6319851,561.9300946,898.5597474
M1C72,U50,0.043047652,193.8283311,400.185219,1058.122945
M1C72,o60,0.051490025,116.0957531,524.5855163,1037.044933
M1C72,fix2,0.703562088,115.5147061,400.6187407,1353.119164
M1C75,fix1,0.762534347,136.1284655,300.8293035,1884.577605
M1C75,a1,0.038938653,104.3156246,502.8997309,1314.050244
M1C75,u2,0.043593143,108.7200984,400.5993494,1546.810033
M1C75,E3,0.116813296,113.7968718,619.1070685,1550.796314
M1C75,a4,0.036262888,109.646448,491.6377156,1366.972257
M1C75,u5,0.035758148,107.064851,419.3128797,1406.729275
M1C75,E6,0.109453121,153.0455411,562.0273971,1656.625646
M1C75,fix2,0.749589116,106.8965386,299.1084312,1548.888235
M1C76,fix1,0.619363114,--undefined--,1508.730723,2690.382704
M1C76,a0,0.05565898,135.6733597,571.2000378,1152.766034
M1C76,a10,0.056182436,143.5477713,567.8476792,1250.858102
M1C76,U20,0.0565576,173.1113924,393.7017869,921.6520441
M1C76,a30,0.07132622,--undefined--,496.3604073,1289.892286
M1C76,a00,0.040995918,115.2081621,503.0644978,1004.757391
M1C76,a40,0.036781435,105.3131887,619.5019359,965.9708821
M1C76,U50,0.053743452,144.2116833,481.3438042,901.1361184
M1C76,a60,0.045992163,106.6765629,448.674358,1134.404448
M1C76,fix2,0.682424006,95.57071464,451.182468,1391.620589
M1C77,fix1,0.681117714,164.3738925,229.1545038,1874.111978
M1C77,i1,0.054593614,112.0271178,314.188135,1782.346499
M1C77,I2,0.064675556,155.0591621,332.337646,1599.390686
M1C77,o3,0.084869195,86.34650221,424.7170431,938.5277238
M1C77,i4,0.045356365,111.3391335,300.2847742,1679.267634
M1C77,I5,0.051112468,128.342294,379.8649495,1637.266195
M1C77,o6,0.041564118,104.5915222,524.4608788,796.238211
M1C77,fix2,0.66885074,99.55226833,378.2590994,1370.96028
M1C9,fix1,0.674292153,--undefined--,1317.568103,2535.658234
M1C9,e1,0.056263961,101.1943259,404.7856208,1557.897714
M1C9,U2,0.06383669,137.6228453,406.2494709,1256.175005
M1C9,o3,0.086756575,84.96353169,723.9432707,1222.578901
M1C9,e4,0.06211863,95.0926989,417.1198653,1776.345527
M1C9,U5,0.064365793,181.7111649,374.5108797,1141.902207
M1C9,o6,0.077003645,97.17257364,582.4781598,991.280376
M1C9,fix2,0.681256312,115.959885,396.4175954,1378.387623