Filename,TextGridLabel,Intensity
M1A10,fix1,57.54524576
M1A10,a1,74.5741045
M1A10,U2,77.54650437
M1A10,o3,71.19130366
M1A10,a4,74.09843979
M1A10,U5,75.56564106
M1A10,o6,72.45327416
M1A10,fix2,72.49917263
M1A11,fix1,70.34860194
M1A11,e0,76.71333164
M1A11,e10,75.64306014
M1A11,I20,79.32386066
M1A11,a30,67.19740059
M1A11,e00,73.04990021
M1A11,e40,72.35570025
M1A11,I50,77.54637671
M1A11,a60,75.79495956
M1A11,fix2,73.6284898
M1A12,fix1,60.68166555
M1A12,e1,81.00330249
M1A12,U2,80.35029075
M1A12,o3,72.20883896
M1A12,e4,77.52051481
M1A12,U5,79.15372271
M1A12,o3,70.89609408
M1A12,fix2,71.30251727
M1A14,fix1,58.87104957
M1A14,y1,71.1498383
M1A14,u2,72.3250544
M1A14,U3,78.12221043
M1A14,y4,75.10596282
M1A14,u5,73.22424548
M1A14,U6,78.33055071
M1A14,fix2,72.88669892
M1A15,fix1,72.61768781
M1A15,y1,70.14526335
M1A15,U2,80.10053809
M1A15,o3,73.10209202
M1A15,y4,71.43304386
M1A15,U5,76.41425922
M1A15,o6,72.78609588
M1A15,fix2,68.57830547
M1A16,fix1,70.87133464
M1A16,a0,71.42456538
M1A16,e10,73.37805386
M1A16,i20,69.23170527
M1A16,U30,74.78867382
M1A16,a00,70.78669661
M1A16,e40,73.48015092
M1A16,I50,76.85268751
M1A16,u60,76.26914458
M1A16,fix2,69.85381764
M1A17,fix1,62.08942059
M1A17,a0,71.05356081
M1A17,a10,73.02443839
M1A17,U20,78.34616647
M1A17,o30,74.1631186
M1A17,a00,69.41406662
M1A17,a40,70.90332472
M1A17,U50,78.23281074
M1A17,o60,75.4333403
M1A17,fix2,73.90755129
M1A18,fix1,61.89632592
M1A18,a1,73.49486166
M1A18,u2,72.75233792
M1A18,U3,73.45769887
M1A18,a4,70.08614086
M1A18,u5,69.64923328
M1A18,U6,74.19205026
M1A18,fix2,68.60860998
M1A19,fix1,72.60587273
M1A19,a1,67.27300614
M1A19,E2,71.0342569
M1A19,a3,64.72765826
M1A19,a4,63.99882456
M1A19,E5,76.40213948
M1A19,a6,68.18363382
M1A19,fix2,71.73530451
M1A20,fix1,73.24004414
M1A20,e1,75.50823179
M1A20,I2,76.33505784
M1A20,o3,71.38508249
M1A20,e4,73.62958093
M1A20,I5,77.54545198
M1A20,o6,74.54171061
M1A20,fix2,73.98082807
M1A22,fix1,62.89996626
M1A22,e1,76.53393727
M1A22,u2,76.19184832
M1A22,U3,76.69800553
M1A22,e4,76.7542737
M1A22,u5,74.56885886
M1A22,U6,75.92874816
M1A22,fix2,70.09578079
M1A23,fix1,59.85549905
M1A23,y1,72.00362793
M1A23,U2,75.94124451
M1A23,o3,67.10242015
M1A23,y4,70.29995484
M1A23,U5,75.61259455
M1A23,o6,71.51654058
M1A23,fix2,43.15205642
M1A24,fix1,43.18046137
M1A24,a1,71.94064197
M1A24,u2,69.50337031
M1A24,U3,76.02158615
M1A24,a4,71.84429845
M1A24,u5,70.27051861
M1A24,U6,79.04295362
M1A24,fix2,73.02487807
M1A25,fix1,53.89143462
M1A25,e1,74.89094228
M1A25,U2,78.1802943
M1A25,a3,64.79580958
M1A25,e4,70.40997061
M1A25,U5,79.14285603
M1A25,a6,72.21963387
M1A25,fix2,67.68108128
M1A26,fix1,55.91158904
M1A26,a0,74.2891971
M1A26,i10,72.45652059
M1A26,i20,72.5802592
M1A26,U30,72.97169851
M1A26,a00,70.15958546
M1A26,i40,70.97323586
M1A26,i50,71.23926617
M1A26,U6,74.69691392
M1A26,fix2,67.94881224
M1A27,fix1,49.38959123
M1A27,e1,70.69667293
M1A27,U2,76.9446413
M1A27,o3,69.61795852
M1A27,e4,66.24845963
M1A27,U5,76.87971719
M1A27,o6,68.9983453
M1A27,fix2,69.11502538
M1A29,fix1,66.76929941
M1A29,a0,72.52156452
M1A29,o10,74.54186557
M1A29,U20,76.36028461
M1A29,a30,56.65514415
M1A29,a00,75.44072668
M1A29,o40,74.1579831
M1A29,U50,75.84043839
M1A29,a60,73.51707427
M1A29,fix2,68.18722588
M1A30,fix1,49.50829152
M1A30,u1,79.6691743
M1A30,i2,77.27507878
M1A30,U3,78.67210137
M1A30,u4,73.91757773
M1A30,i5,72.32923117
M1A30,U6,74.70281817
M1A30,fix2,71.90851975
M1A31,fix1,68.78817829
M1A31,a1,70.03258922
M1A31,e2,71.79542539
M1A31,U3,72.79253236
M1A31,a4,68.71324004
M1A31,e5,69.62374371
M1A31,U6,73.24280451
M1A31,fix2,64.05285515
M1A32,fix1,60.88025972
M1A32,u1,71.24140926
M1A32,I2,77.18594547
M1A32,a3,67.00987567
M1A32,u4,73.454445
M1A32,I5,75.91146339
M1A32,a6,75.39577293
M1A32,fix2,75.35893283
M1A33,fix1,47.78856044
M1A33,e0,68.59281067
M1A33,e10,73.63265903
M1A33,i20,75.23221028
M1A33,U30,75.99150112
M1A33,e00,72.61056195
M1A33,e40,73.64466524
M1A33,i50,70.49247087
M1A33,U60,75.82748711
M1A33,fix2,72.908352
M1A34,fix1,72.28136985
M1A34,a1,72.04344766
M1A34,e2,71.49964597
M1A34,U3,77.02478439
M1A34,a4,69.77764313
M1A34,e5,69.72178877
M1A34,U6,75.47337484
M1A34,fix2,71.29732352
M1A37,fix1,53.20522884
M1A37,a0,76.4192911
M1A37,i10,73.55343413
M1A37,I20,76.95479105
M1A37,o30,69.57948012
M1A37,a00,71.79231652
M1A37,i40,70.47738976
M1A37,I50,74.16980399
M1A37,o60,72.17561081
M1A37,fix2,71.28068989
M1A38,fix1,75.74042024
M1A38,a0,74.35622725
M1A38,a10,75.05305342
M1A38,u20,78.69157867
M1A38,U30,80.576705
M1A38,a00,74.94993951
M1A38,a40,75.70814489
M1A38,u50,74.00995448
M1A38,U60,77.51005302
M1A38,fix2,73.63930546
M1A39,fix1,46.3613713
M1A39,e0,71.51371076
M1A39,e10,75.67251107
M1A39,I20,78.0902066
M1A39,o30,66.16358174
M1A39,e00,75.10779152
M1A39,e40,75.35638093
M1A39,I50,78.68287121
M1A39,o60,75.05292002
M1A39,fix2,74.28258824
M1A40,fix1,66.46087042
M1A40,e1,72.64154777
M1A40,U2,74.71123787
M1A40,a3,71.78564303
M1A40,e4,70.26506204
M1A40,U5,74.70061219
M1A40,a6,70.95157656
M1A40,fix2,72.04121469
M1A41,fix1,51.80277652
M1A41,i1,78.37105594
M1A41,I2,78.59882271
M1A41,o3,72.12979922
M1A41,i4,77.58756761
M1A41,I5,77.91353398
M1A41,o6,76.45401845
M1A41,fix2,72.23159097
M1A43,fix1,44.41553673
M1A43,a0,71.42981605
M1A43,i10,70.73906715
M1A43,I20,71.89213882
M1A43,a30,65.61108479
M1A43,a00,72.43191468
M1A43,i40,69.73977899
M1A43,I50,70.7711952
M1A43,a60,69.99871176
M1A43,fix2,68.48941731
M1A44,fix1,48.12331486
M1A44,a0,73.20817396
M1A44,o10,75.01450944
M1A44,u20,75.39898456
M1A44,U30,77.74253819
M1A44,a00,72.29801606
M1A44,o40,72.68853993
M1A44,u50,73.54696415
M1A44,U6,78.14777954
M1A44,fix2,74.96919486
M1A45,fix1,70.85278184
M1A45,y1,73.69286353
M1A45,i2,72.89801508
M1A45,U3,73.83621878
M1A45,y4,73.13585175
M1A45,i5,72.6178507
M1A45,U6,73.80810283
M1A45,fix2,68.58469174
M1A46,fix1,61.81715888
M1A46,a1,70.26658291
M1A46,E2,77.27750524
M1A46,o3,71.15790179
M1A46,a4,72.47416565
M1A46,E5,79.02721899
M1A46,o6,72.98676173
M1A46,fix2,73.70249813
M1A47,fix1,58.43853214
M1A47,e1,78.38732978
M1A47,u2,76.90833234
M1A47,U3,77.39721326
M1A47,e4,77.36360266
M1A47,u5,75.51198118
M1A47,U6,78.19329008
M1A47,fix2,74.65720295
M1A48,fix1,69.57056373
M1A48,y1,74.28026185
M1A48,u2,75.29671844
M1A48,U3,77.86978618
M1A48,y4,74.20607838
M1A48,u5,74.80018937
M1A48,U6,74.6077266
M1A48,fix2,74.31094819
M1A51,fix1,36.2041195
M1A51,e1,68.95135306
M1A51,u2,69.79557456
M1A51,U3,74.95715048
M1A51,e4,70.67921405
M1A51,u5,70.43855576
M1A51,U6,73.12261093
M1A51,fix2,68.00557893
M1A52,fix1,75.75730042
M1A52,y1,75.57389684
M1A52,I2,76.89192316
M1A52,a3,67.67726514
M1A52,y4,75.88379774
M1A52,I5,77.38645501
M1A52,a6,73.60828498
M1A52,fix2,75.96051887
M1A53,fix1,50.26839489
M1A53,a0,75.29035464
M1A53,a10,72.55192486
M1A53,u20,75.64244164
M1A53,U30,79.06585158
M1A53,a00,74.25366136
M1A53,a40,72.65505925
M1A53,u50,75.68939849
M1A53,U60,77.64665467
M1A53,fix2,73.34060963
M1A54,fix1,42.89135689
M1A54,a0,74.61425281
M1A54,e10,76.76179198
M1A54,I20,75.60930223
M1A54,u30,72.3878719
M1A54,a00,69.61066229
M1A54,e40,71.62078376
M1A54,I50,78.10164509
M1A54,u60,75.4183853
M1A54,fix2,72.10212904
M1A55,fix1,64.36374508
M1A55,e1,77.56400154
M1A55,i2,75.60875227
M1A55,U3,77.3480855
M1A55,e4,79.38075629
M1A55,i5,75.03679045
M1A55,U6,77.83585933
M1A55,fix2,66.6879278
M1A56,fix1,76.47778899
M1A56,i1,79.54433687
M1A56,I2,81.75340549
M1A56,a3,67.24542462
M1A56,i4,74.47615398
M1A56,I5,78.31997865
M1A56,a6,76.47290953
M1A56,fix2,69.05474934
M1A58,fix1,47.38941738
M1A58,y1,70.86650044
M1A58,u2,73.45055723
M1A58,U3,78.8455333
M1A58,y4,75.05701208
M1A58,u5,74.8218921
M1A58,U6,78.01759455
M1A58,fix2,75.50549016
M1A59,fix1,44.84926871
M1A59,a0,73.62916483
M1A59,e10,76.36927555
M1A59,I20,78.58938349
M1A59,a30,67.25407861
M1A59,a00,74.60734489
M1A59,e40,74.89262973
M1A59,I50,79.25849293
M1A59,a60,76.49555797
M1A59,fix2,69.82849956
M1A6,fix1,62.61892317
M1A6,a0,74.6870293
M1A6,i10,73.45939047
M1A6,i20,73.07580817
M1A6,U30,77.56971479
M1A6,a00,73.07926284
M1A6,i40,72.77934353
M1A6,i50,72.13745493
M1A6,U60,75.40674773
M1A6,fix2,65.26946272
M1A60,fix1,63.8903348
M1A60,y1,76.86700638
M1A60,u2,78.69535439
M1A60,U3,77.87739927
M1A60,y4,77.19459531
M1A60,u5,76.34240809
M1A60,U6,78.12928445
M1A60,fix2,73.87837609
M1A61,fix1,51.39993635
M1A61,y1,77.01722258
M1A61,I2,79.27215408
M1A61,o3,73.01820474
M1A61,y4,77.18634882
M1A61,I5,77.61452265
M1A61,o6,76.49302169
M1A61,fix2,69.80858974
M1A62,fix1,58.43792769
M1A62,a0,74.41341158
M1A62,o10,75.95878853
M1A62,u20,76.78994595
M1A62,U30,78.31975827
M1A62,a00,73.41310248
M1A62,o40,74.97169871
M1A62,u50,77.53138786
M1A62,U60,78.05617167
M1A62,fix2,73.08865044
M1A63,fix1,74.46886385
M1A63,u1,74.51861999
M1A63,i2,75.99624381
M1A63,U3,78.24597172
M1A63,u4,78.15010366
M1A63,i5,77.83658927
M1A63,U6,79.49744639
M1A63,fix2,68.60476157
M1A65,fix1,48.76531018
M1A65,a0,74.90326517
M1A65,o10,75.37628411
M1A65,U20,77.67510256
M1A65,o30,68.40542427
M1A65,a00,73.83958771
M1A65,o40,73.23281817
M1A65,U50,78.5572733
M1A65,o60,75.92538106
M1A65,fix2,74.55872742
M1A66,fix1,62.69454445
M1A66,a1,74.59079569
M1A66,u2,72.5184385
M1A66,U3,77.28110477
M1A66,a4,76.6741601
M1A66,u5,74.4467565
M1A66,U6,78.79063013
M1A66,fix2,74.99444363
M1A67,fix1,73.17041044
M1A67,a1,74.1753288
M1A67,U2,76.56811251
M1A67,o3,76.65494027
M1A67,a4,73.59429735
M1A67,U5,78.94706793
M1A67,o6,75.70997242
M1A67,fix2,69.55239158
M1A68,fix1,36.5401652
M1A68,y1,73.41598772
M1A68,U2,75.86005925
M1A68,a3,71.6493586
M1A68,y4,73.44848927
M1A68,U5,77.09743191
M1A68,a6,75.62927044
M1A68,fix2,71.96963708
M1A69,fix1,51.52860853
M1A69,i1,78.24580595
M1A69,i2,77.24149813
M1A69,U3,80.094913
M1A69,i4,74.77888357
M1A69,i5,74.75578364
M1A69,U6,71.57779394
M1A69,fix2,58.89102815
M1A70,fix1,51.8003894
M1A70,y1,73.97679302
M1A70,U2,76.27643223
M1A70,a3,61.30347365
M1A70,y4,71.28149978
M1A70,U5,71.77353012
M1A70,a6,68.59140728
M1A70,fix2,67.31662705
M1A72,fix1,52.3887687
M1A72,y1,70.87856196
M1A72,i2,70.61941826
M1A72,U3,70.04994877
M1A72,y4,69.37229529
M1A72,i5,68.20715068
M1A72,U6,72.36704906
M1A72,fix2,71.64663761
M1A73,fix1,55.90743881
M1A73,a1,71.12467125
M1A73,U2,74.2930288
M1A73,a3,64.11087793
M1A73,a4,70.45620395
M1A73,U5,72.54314935
M1A73,a6,70.09845845
M1A73,fix2,68.43371952
M1A74,fix1,53.52495758
M1A74,a1,70.86134823
M1A74,u2,70.58127231
M1A74,U3,74.71292772
M1A74,a4,68.53072133
M1A74,u5,67.35731303
M1A74,U6,74.30048724
M1A74,fix2,54.56987337
M1A75,fix1,55.31110923
M1A75,i1,73.89271201
M1A75, ,59.91960214
M1A75,i2,72.66839925
M1A75,U3,77.53979856
M1A75,i4,71.49846564
M1A75,i5,70.17988445
M1A75,U6,72.79488144
M1A75,fix2,67.76983651
M1A76,fix1,65.59519536
M1A76,e1,71.07399846
M1A76,u2,69.97985308
M1A76,U3,70.34554173
M1A76,e4,69.11470699
M1A76,u5,69.49023358
M1A76,U6,73.52834596
M1A76,fix2,70.20914217
M1A77,fix1,43.23393841
M1A77,a0,58.40450557
M1A77,e10,67.73995457
M1A77,I20,75.06859139
M1A77,o30,68.00733479
M1A77,a00,71.74820763
M1A77,e40,71.04695295
M1A77,I50,72.0578908
M1A77,o60,74.48855506
M1A77,fix2,68.85432181
M1A78,fix1,68.57928132
M1A78,e1,73.12328121
M1A78,I2,73.40194412
M1A78,a3,66.76218747
M1A78,e4,70.29395146
M1A78,I5,74.11158982
M1A78,a6,70.8273359
M1A78,fix2,70.95493697
M1A8,fix1,44.0311492
M1A8,e0,73.71307276
M1A8,e10,77.41343952
M1A8,i20,76.46575239
M1A8,U30,78.20937086
M1A8,e00,76.41588097
M1A8,e40,76.28671129
M1A8,i50,73.91950174
M1A8,U60,76.14593119
M1A8,fix2,71.33284368
M1A9,fix1,73.15882616
M1A9,a0,75.26762324
M1A9,a10,74.14062062
M1A9,U30,76.61940652
M1A9,a40,68.15581999
M1A9,a00,76.6012198
M1A9,a40,74.40693974
M1A9,U50,78.14317075
M1A9,a60,76.01209772
M1A9,fix2,70.77331429
M1B10,fix1,73.56000265
M1B10,e0,74.56666825
M1B10,e10,75.4521488
M1B10,I20,76.93964155
M1B10,e30,71.38556157
M1B10,e00,70.53617244
M1B10,e40,73.96869924
M1B10,I50,75.95448512
M1B10,e60,74.46539838
M1B10,fix2,69.23540001
M1B11,fix1,60.42357096
M1B11,i1,73.79239354
M1B11,I2,77.29657812
M1B11,a3,51.31161894
M1B11,i4,72.32684243
M1B11,I5,75.60334275
M1B11,a6,71.96703238
M1B11,fix2,72.09179793
M1B14,fix1,68.48590861
M1B14,e1,67.85726282
M1B14,u2,67.78965234
M1B14,E3,68.83323001
M1B14,e4,68.37172741
M1B14,u5,67.49330542
M1B14,E6,71.16669393
M1B14,fix2,62.12749582
M1B15,fix1,61.82185904
M1B15,u1,68.63769984
M1B15,I2,73.44329501
M1B15,o3,63.27771239
M1B15,u4,69.47193792
M1B15,I5,76.17174363
M1B15,o6,72.52356105
M1B15,fix2,66.02361315
M1B16,fix1,47.42309485
M1B16,a1,71.44960682
M1B16,u2,69.01883035
M1B16,U3,76.81487657
M1B16,a4,69.90695665
M1B16,u5,68.11901782
M1B16,U6,75.40661173
M1B16,fix2,69.5472234
M1B17,fix1,55.17976823
M1B17,a1,68.19243597
M1B17,e1,68.88923832
M1B17,E3,72.51769006
M1B17,a4,66.86058308
M1B17,e5,64.85714225
M1B17,E6,73.02961167
M1B17,fix2,68.06122586
M1B18,fix1,48.05294683
M1B18,u1,70.80119533
M1B18,i2,70.76381998
M1B18,u3,72.50674553
M1B18,u4,68.54531828
M1B18,i5,67.83846579
M1B18,U6,74.12234636
M1B18,fix2,66.48333059
M1B19,fix1,52.28399433
M1B19,a1,70.77547577
M1B19,U2,73.91828726
M1B19,a3,68.55596195
M1B19,a4,68.72203829
M1B19,U5,71.56138436
M1B19,a6,71.50864065
M1B19,fix2,68.6037414
M1B20,fix1,48.41190422
M1B20,e1,73.64757872
M1B20,u2,73.10438223
M1B20,U3,75.27394044
M1B20,e4,71.03508504
M1B20,u5,72.28270278
M1B20,U6,73.84411404
M1B20,fix2,65.75031966
M1B23,fix1,71.96800385
M1B23,i1,72.92104435
M1B23,i2,73.23229723
M1B23,U3,72.57602788
M1B23,i4,71.85618048
M1B23,i5,70.33211939
M1B23,U6,71.62548961
M1B23,fix2,67.38317408
M1B24,fix1,46.38253721
M1B24,a1,70.61531724
M1B24,U2,69.74594427
M1B24,o3,69.77969113
M1B24,a4,66.81960206
M1B24,U5,72.75240212
M1B24,o6,70.15016109
M1B24,fix2,68.22627206
M1B25,fix1,68.68587111
M1B25,y1,69.05852832
M1B25,u2,69.46855055
M1B25,U3,73.62025482
M1B25,y4,67.87486851
M1B25,u5,64.87830175
M1B25,U6,73.61706107
M1B25,fix2,67.51744958
M1B26,fix1,47.3183189
M1B26,a1,68.84745309
M1B26,U2,70.28770185
M1B26,e3,67.23140962
M1B26,a4,66.93740601
M1B26,u5,65.35861968
M1B26,E6,71.23653382
M1B26,fix2,68.22890452
M1B27,fix1,45.67151636
M1B27,a1,70.95429158
M1B27,U2,71.15148959
M1B27,a3,64.67200437
M1B27,a4,69.88659458
M1B27,U5,71.43199385
M1B27,a6,69.25910423
M1B27,fix2,67.9954709
M1B29,fix1,52.92461316
M1B29,a0,68.53368844
M1B29,e10,72.25036116
M1B29,I20,72.63065438
M1B29,o30,63.52673056
M1B29,a00,70.00261003
M1B29,e40,72.4285947
M1B29,I50,73.17167436
M1B29,o60,72.38088187
M1B29,fix2,70.51403799
M1B30,fix1,41.32636303
M1B30,y1,67.28990673
M1B30,u2,69.89578478
M1B30,E3,68.75088552
M1B30,y4,67.17632041
M1B30,u5,69.65282692
M1B30,E6,72.33817751
M1B30,fix2,67.30261618
M1B31,fix1,61.26230176
M1B31,a1,68.43946171
M1B31,U2,73.23190585
M1B31,o3,68.63725861
M1B31,a4,69.67593168
M1B31,U5,75.28588412
M1B31,o6,71.22660566
M1B31,fix2,68.26362106
M1B32,fix1,69.16621933
M1B32,a1,70.90533491
M1B32,u2,69.00642736
M1B32,U3,71.97835317
M1B32,a4,70.83083459
M1B32,u5,68.18314818
M1B32,U6,74.3595735
M1B32,fix2,68.43743574
M1B33,fix1,53.97377889
M1B33,e0,69.39747267
M1B33,e10,71.02758619
M1B33,I20,72.69992832
M1B33,o30,64.92946542
M1B33,e00,70.45421973
M1B33,e40,71.75391981
M1B33,I50,73.2474218
M1B33,o60,69.99270581
M1B33,fix2,69.83226943
M1B34,fix1,63.22251997
M1B34,y1,71.57707395
M1B34,u2,72.57083872
M1B34,U3,72.03297246
M1B34,y4,71.03853135
M1B34,u5,69.02071504
M1B34,U6,73.86355891
M1B34,fix2,63.44687288
M1B37,fix1,55.61660105
M1B37,e0,70.67922454
M1B37,e10,70.65896688
M1B37,I20,71.80172248
M1B37,u30,68.93720475
M1B37,e00,69.31557695
M1B37,e40,74.04925928
M1B37,i50,71.30298909
M1B37,U60,72.0263334
M1B37,fix2,66.77903888
M1B38,fix1,66.1774035
M1B38,i1,71.94331497
M1B38,I2,74.16523917
M1B38,o3,61.82857604
M1B38,i4,68.96137855
M1B38,I5,73.21017195
M1B38,o6,70.1984082
M1B38,fix2,69.241237
M1B39,fix1,51.11935345
M1B39,y1,72.3545292
M1B39,i2,71.24053284
M1B39,U3,71.43276892
M1B39,y4,73.25722183
M1B39,i5,69.93862057
M1B39,U6,72.12252844
M1B39,fix2,69.36129109
M1B40,fix1,41.75937041
M1B40,a1,64.9385145
M1B40,E2,74.42508519
M1B40,o3,65.74250459
M1B40,a4,66.3522672
M1B40,E5,75.39159029
M1B40,o6,71.14618641
M1B40,fix2,68.47246682
M1B41,fix1,56.48599551
M1B41,i1,72.83722824
M1B41,i2,73.36384782
M1B41,E3,67.70728
M1B41,i4,70.88064709
M1B41,i5,68.68967583
M1B41,E6,71.11859628
M1B41,fix2,56.16998558
M1B43,fix1,57.12477861
M1B43,e1,66.47097579
M1B43,u2,66.62915616
M1B43,U3,69.11008933
M1B43,e4,68.64220139
M1B43,u5,68.38717711
M1B43,U6,70.79796599
M1B43,fix2,61.99647141
M1B44,fix1,45.05806314
M1B44,a0,73.71343627
M1B44,i10,69.89793485
M1B44,i20,70.85440004
M1B44,E30,71.11005519
M1B45,fix1,54.67579969
M1B45,a0,74.21271748
M1B45,a10,74.58963664
M1B45,U20,75.21362956
M1B45,a30,69.26825238
M1B45,a00,72.56700378
M1B45,a40,69.94544085
M1B45,U50,72.79801143
M1B45,a60,71.25218222
M1B45,fix2,68.16285332
M1B46,fix1,61.91933465
M1B46,a0,68.27606157
M1B46,o10,70.12708873
M1B46,u20,69.05562566
M1B46,U30,72.34155994
M1B46,a00,70.61685919
M1B46,o40,70.42405009
M1B46,u50,71.35162017
M1B46,U60,72.7004571
M1B46,fix2,68.59465264
M1B47,fix1,50.47797657
M1B47,y1,69.71403375
M1B47,U2,72.7464103
M1B47,a3,66.59327233
M1B47,y4,71.84471372
M1B47,U5,73.90830677
M1B47,a6,69.97388837
M1B47,fix2,67.13738632
M1B48,fix1,64.93676487
M1B48,a0,70.49587872
M1B48,a10,70.43921864
M1B48,U20,75.48643754
M1B48,o30,66.3774791
M1B48,a00,71.80150563
M1B48,a40,69.1697256
M1B48,U50,73.13877286
M1B48,o60,70.06253496
M1B48,fix2,71.62787585
M1B50,fix1,54.49133108
M1B50,a0,72.45897745
M1B50,i10,70.29691611
M1B50,i20,70.16003446
M1B50,U30,68.38512524
M1B50,a00,72.57470653
M1B50,i40,68.59968076
M1B50,i50,67.57580327
M1B50,U60,70.69103479
M1B50,fix2,69.79573748
M1B51,fix1,45.29594149
M1B51,e1,71.26826364
M1B51,I2,74.30880388
M1B51,a3,64.64448144
M1B51,e4,73.01762632
M1B51,I5,72.57923229
M1B51,a6,68.89636219
M1B51,fix2,70.06146629
M1B52,fix1,49.82598652
M1B52,e0,71.34505851
M1B52,e10,71.73862384
M1B52,I20,72.98644788
M1B52,a30,67.20402698
M1B52,e00,72.42864969
M1B52,e40,74.97397541
M1B52,I50,74.72412958
M1B52,a60,71.17894776
M1B52,fix2,67.98955285
M1B53,fix1,41.59306672
M1B53,y1,72.57580928
M1B53,i2,72.41678368
M1B53,E3,73.41819232
M1B53,y4,71.26796323
M1B53,i5,70.71226587
M1B53,E6,71.87256072
M1B53,fix2,68.68417387
M1B54,fix1,47.5911893
M1B54,a0,72.05790113
M1B54,i10,70.18340738
M1B54,I20,72.7123627
M1B54,o30,67.19449279
M1B54,a00,75.82223698
M1B54,i40,71.08376456
M1B54,I50,74.2515246
M1B54,o60,70.54709523
M1B54,fix2,58.97630347
M1B55,fix1,42.79028817
M1B55,y1,70.71376305
M1B55,u2,71.68176736
M1B55,E3,72.39550687
M1B55,y4,73.40988414
M1B55,u5,73.72177594
M1B55,E6,72.89559191
M1B55,fix2,68.62428339
M1B56,fix1,68.9230721
M1B56,y1,66.24658284
M1B56,U2,69.68810688
M1B56,o3,68.43406611
M1B56,y4,69.05011602
M1B56,U5,73.5804639
M1B56,o6,72.97995799
M1B56,fix2,67.92395202
M1B58,fix1,47.86137946
M1B58,a0,72.7756558
M1B58,i10,69.60651024
M1B58,I20,71.36777806
M1B58,a30,63.11989916
M1B58,a00,72.32891658
M1B58,i40,68.57066123
M1B58,I50,71.45169579
M1B58,a60,69.88975598
M1B58,fix2,70.02714366
M1B59,fix1,43.08970851
M1B59,a0,69.60638304
M1B59,a10,67.78294641
M1B59,u20,69.47142071
M1B59,E30,71.3872098
M1B59,a00,70.55120895
M1B59,a40,69.95862764
M1B59,u50,69.76830773
M1B59,E60,73.1986469
M1B59,fix2,68.18174722
M1B6,fix1,54.53282284
M1B6,a0,69.61631059
M1B6,e10,71.58376769
M1B6,I20,71.43608846
M1B6,a30,66.69106133
M1B6,a00,69.87579099
M1B6,e40,68.42838133
M1B6,I50,75.87784518
M1B6,a60,72.1493142
M1B6,fix2,67.39979044
M1B61,fix1,42.85720328
M1B61,y1,68.71320338
M1B61,U2,73.345764
M1B61,o3,65.04332521
M1B61,y4,70.18204363
M1B61,U5,75.24249187
M1B61,o6,68.14689997
M1B61,fix2,66.67437515
M1B62,fix1,40.27213402
M1B62,a0,67.89374611
M1B62,o10,68.76798368
M1B62,U20,75.02440005
M1B62,a30,66.32114861
M1B62,a00,69.73407666
M1B62,o40,68.7359446
M1B62,U50,72.8584455
M1B62,a60,70.36199461
M1B62,fix2,68.96425486
M1B63,fix1,59.72091102
M1B63,u1,69.36584073
M1B63,i2,68.98009929
M1B63,E3,68.09981372
M1B63,u4,67.17490524
M1B63,I5,75.4105881
M1B63,e6,71.09766603
M1B63,fix2,69.1887727
M1B65,fix1,69.80207233
M1B65,e1,73.71559232
M1B65,U2,73.57974654
M1B65,o3,62.29706711
M1B65,e4,72.02292813
M1B65,U5,75.99568496
M1B65,o6,70.28910774
M1B65,fix2,68.48792753
M1B66,fix1,45.74017869
M1B66,a0,67.85005004
M1B66,o10,67.83780772
M1B66,u20,69.93965601
M1B66,E30,69.18075897
M1B66,a00,70.17255521
M1B66,o40,67.84817343
M1B66,u50,67.38692259
M1B66,E60,73.38570115
M1B66,fix2,70.24390872
M1B67,fix1,45.8727194
M1B67,e1,67.41181519
M1B67,U2,73.29648806
M1B67,o3,64.33652487
M1B67,e4,66.13799925
M1B67,U5,73.05981038
M1B67,o6,70.1741196
M1B67,fix2,67.91517348
M1B68,fix1,57.72782089
M1B68,y1,67.21368531
M1B68,U2,74.40496841
M1B68,a3,60.9200541
M1B68,y4,64.47076299
M1B68,U5,76.02794509
M1B68,a6,71.24954772
M1B68,fix2,65.54763398
M1B69,fix1,64.01262829
M1B69,e1,74.31524311
M1B69,I2,73.96003487
M1B69,o3,69.85431376
M1B69,e4,72.25170784
M1B69,I5,73.9660652
M1B69,o6,70.01517607
M1B69,fix2,70.41036545
M1B7,fix1,60.39825587
M1B7,e1,74.96593104
M1B7,U2,76.18649637
M1B7,e3,70.08483267
M1B7,e4,71.47526523
M1B7,U5,75.22921944
M1B7,e6,68.48248758
M1B7,fix2,68.61983943
M1B70,fix1,63.9959012
M1B70,a0,67.55623288
M1B70,e10,69.81976086
M1B70,i20,69.67156616
M1B70,E30,70.70946811
M1B70,a00,63.8844837
M1B70,e40,70.22472813
M1B70,i50,70.40196863
M1B70,E60,75.5462828
M1B70,fix2,70.84488674
M1B73,fix1,59.863864
M1B73,e1,70.74419608
M1B73,i2,69.86865324
M1B73,E3,69.54932423
M1B73,e4,71.75516205
M1B73,i5,67.76435653
M1B73,E6,73.46497463
M1B73,fix2,68.86930877
M1B74,fix1,42.97577117
M1B74,a0,68.88645466
M1B74,o10,70.12772606
M1B74,U20,73.12741041
M1B74,o30,66.78702873
M1B74,a00,68.43596175
M1B74,o40,66.80332514
M1B74,U50,71.59877454
M1B74,o60,67.81735788
M1B74,fix2,68.41623157
M1B75,fix1,43.10734416
M1B75,e1,73.69977937
M1B75,U2,76.03221754
M1B75,a3,62.90868963
M1B75,e4,73.07806514
M1B75,U5,77.04388716
M1B75,a6,70.31913682
M1B75,fix2,69.91189266
M1B76,fix1,69.4813734
M1B76,a0,71.03652044
M1B76,a10,70.1874418
M1B76,u20,71.77480808
M1B76,U30,75.61573027
M1B76,a00,70.67054196
M1B76,a40,67.95601279
M1B76,u50,68.83515174
M1B76,U60,74.75936465
M1B76,fix2,66.97757017
M1B77,fix1,46.47567995
M1B77,e1,66.41050577
M1B77,U2,72.48690785
M1B77,a3,64.1040827
M1B77,e4,65.06294255
M1B77,U5,71.54853778
M1B77,a6,68.7323583
M1B77,fix2,69.79616134
M1B78,fix1,46.16701188
M1B78,a1,70.93900953
M1B78,u2,69.65188293
M1B78,E3,69.47085467
M1B78,a4,71.0061254
M1B78,u5,68.78990906
M1B78,E6,71.85247643
M1B78,fix2,68.68974918
M1B8,fix1,46.95678956
M1B8,u1,68.24016694
M1B8,I2,71.75204131
M1B8,a3,67.51062104
M1B8,u4,72.20110464
M1B8,I5,77.38352724
M1B8,a6,71.29264623
M1B8,fix2,70.99119927
M1C10,fix1,59.46759939
M1C10,a1,65.56589762
M1C10,E2,73.56311471
M1C10,u3,69.21335176
M1C10,a4,66.4185252
M1C10,E5,73.70379675
M1C10,u6,69.85750849
M1C10,fix2,69.42687541
M1C11,fix1,36.88693458
M1C11,e1,70.32796155
M1C11,i2,68.56048568
M1C11,E3,72.54501742
M1C11,e4,69.73746865
M1C11,i5,66.78110141
M1C11,E6,70.36632302
M1C11,fix2,68.12947852
M1C12,fix1,66.97101037
M1C12,y1,69.46106556
M1C12,u2,71.58399887
M1C12,U3,72.09228958
M1C12,y4,71.59240241
M1C12,u5,69.73003314
M1C12,U3,71.21056472
M1C12,fix2,66.21965837
M1C14,fix1,41.86928043
M1C14,y1,69.48980867
M1C14,I2,72.01586352
M1C14,o3,64.61625301
M1C14,y4,69.57702021
M1C14,I5,72.07964265
M1C14,o6,70.33807057
M1C14,fix2,65.99869068
M1C15,fix1,50.06872733
M1C15,a1,68.60983415
M1C15,E2,71.00960373
M1C15,a3,60.86515769
M1C15,a4,63.00058263
M1C15,E5,74.42503766
M1C15,a6,70.85707791
M1C15,fix2,64.47497554
M1C16,fix1,39.20374061
M1C16,a0,73.23070148
M1C16,i10,69.96407963
M1C16,i20,72.09314924
M1C16,U3,73.82723737
M1C16,a00,73.2126274
M1C16,i40,69.17643696
M1C16,i50,71.59712933
M1C16,U60,73.36042928
M1C16,fix2,69.7472273
M1C17,fix2,52.10682554
M1C17,y1,69.18776869
M1C17,U2,75.67112747
M1C17,a3,61.85749578
M1C17,y4,67.19882401
M1C17,U5,73.57192883
M1C17,a6,70.72026397
M1C17,fix2,68.26677651
M1C18,fix1,51.89461275
M1C18,a1,70.43114124
M1C18,u2,71.94787169
M1C18,U3,72.50646359
M1C18,a4,69.50277984
M1C18,u5,67.51159608
M1C18,U6,72.38599407
M1C18,fix2,66.92846409
M1C19,fix1,43.14066532
M1C19,a1,68.3254151
M1C19,E2,73.81244476
M1C19,o3,68.2182135
M1C19,a4,68.40026291
M1C19,E5,75.080234
M1C19,o6,70.07342675
M1C19,fix2,63.80836398
M1C22,fix1,46.47933743
M1C22,a0,70.78017563
M1C22,i10,69.21106
M1C22,I20,70.79368627
M1C22,a30,63.68320661
M1C22,a00,69.52461965
M1C22,i40,64.94736073
M1C22,I50,70.15991083
M1C22,a60,66.37556626
M1C22,fix2,67.03107695
M1C23,fix1,40.29671974
M1C23,a1,70.57062645
M1C23,U2,70.73970189
M1C23,o3,67.8971803
M1C23,a4,68.12163138
M1C23,U5,74.95492528
M1C23,o6,71.29431589
M1C23,fix2,66.66215801
M1C24,fix1,61.52338751
M1C24,u1,68.09902899
M1C24,I2,73.24467473
M1C24,a3,63.04145641
M1C24,u4,69.75964588
M1C24,I5,74.54796173
M1C24,a6,69.39541657
M1C24,fix2,67.3511985
M1C25,fix1,45.77942714
M1C25,y1,70.24255719
M1C25,U2,73.43855012
M1C25,o3,64.28070064
M1C25,y4,71.47830109
M1C25,U5,75.00316114
M1C25,o6,68.99786846
M1C25,fix2,65.54062854
M1C26,fix1,69.14735889
M1C26,y1,67.15722658
M1C26,u2,69.10331026
M1C26,E3,70.32964028
M1C26,y4,69.40785095
M1C26,u5,70.66574378
M1C26,E6,72.86681301
M1C26,fix2,68.02614569
M1C27,fix1,50.88816465
M1C27,e1,69.59148539
M1C27,U2,72.98390996
M1C27,o3,63.98538912
M1C27,e4,69.12868261
M1C27,U5,72.6276085
M1C27,o6,68.92153598
M1C27,fix2,66.33522369
M1C29,fix1,49.47355129
M1C29,a1,68.5632586
M1C29,E2,72.4113994
M1C29,e3,63.72603037
M1C29,a4,67.57094293
M1C29,E5,73.63328244
M1C29,e6,69.91970151
M1C29,fix2,69.02929432
M1C30,fix1,60.36612033
M1C30,e1,73.87655272
M1C30,I2,73.15484904
M1C30,o3,68.27994023
M1C30,e4,72.54063336
M1C30,I5,73.3268222
M1C30,o6,71.957267
M1C30,fix2,70.39275551
M1C31,fix1,67.72434242
M1C31,a0,68.66185234
M1C31,o10,69.34894737
M1C31,U20,73.78153721
M1C31,a30,62.61183303
M1C31,a00,68.61173387
M1C31,o40,67.87899404
M1C31,U50,69.22657696
M1C31,a60,68.79348971
M1C31,fix2,66.72880494
M1C32,fix1,39.2363707
M1C32,a0,69.82290304
M1C32,a10,69.95761063
M1C32,u20,69.99083567
M1C32,U30,75.44941001
M1C32,a00,71.00397209
M1C32,a40,69.29461522
M1C32,u50,69.77168756
M1C32,U60,72.08196713
M1C32,fix2,69.16962422
M1C33,fix1,53.17791773
M1C33,e0,69.40485897
M1C33,e10,71.96006107
M1C33,I20,73.70679799
M1C33,a30,63.50348595
M1C33,e00,69.86675819
M1C33,e40,70.18736022
M1C33,I50,74.51709222
M1C33,a60,69.35457047
M1C33,fix2,70.07409351
M1C34,fix1,48.72249639
M1C34,u1,69.67311701
M1C34,I2,74.3841086
M1C34,e3,62.85093414
M1C34,u4,70.18267448
M1C34,I5,73.56588099
M1C34,e6,68.68294907
M1C34,fix2,68.47951131
M1C36,fix1,55.78400589
M1C36,a0,67.87913007
M1C36,e10,69.51716274
M1C36,I20,73.11905548
M1C36,u3,68.035083
M1C36,a00,66.37404678
M1C36,e40,69.01685645
M1C36,I50,72.52304719
M1C36,u60,71.35273412
M1C36,fix2,69.6278133
M1C37,fix1,62.03652201
M1C37,y1,69.64020536
M1C37,I2,71.27869087
M1C37,a3,61.94246541
M1C37,y4,67.5272018
M1C37,I5,71.52862187
M1C37,a6,69.63235097
M1C37,fix2,67.16276201
M1C38,fix1,44.75608953
M1C38,a0,70.52384838
M1C38,o10,70.26763702
M1C38,u20,71.09112725
M1C38,U30,71.26691938
M1C38,a0,70.86410304
M1C38,o40,70.07940845
M1C38,u50,69.8113353
M1C38,U60,72.14843594
M1C38,fix2,68.75095668
M1C39,fix1,49.63068415
M1C39,e1,68.50698815
M1C39,U2,70.81918997
M1C39,a3,63.24224638
M1C39,e4,63.85093122
M1C39,U5,72.13884081
M1C39,a6,65.32644912
M1C39,fix2,67.8746377
M1C40,fix2,43.75840326
M1C40,e1,73.25446894
M1C40,u2,74.86817537
M1C40,E3,70.73244149
M1C40,e4,72.4419344
M1C40,U5,76.29577927
M1C40,e6,69.52393527
M1C40,fix2,66.95193441
M1C41,fix1,63.79141792
M1C41,y1,68.45323724
M1C41,u2,71.75331756
M1C41,U3,76.60115704
M1C41,y4,68.96762294
M1C41,u5,66.354519
M1C41,U6,76.05181431
M1C41,fix2,67.85555521
M1C43,fix2,64.70046015
M1C43,e0,67.36198325
M1C43,e10,70.47876788
M1C43,i20,69.96982255
M1C43,U30,67.76177335
M1C43,e00,66.75120429
M1C43,e40,67.26476884
M1C43,i50,64.98077753
M1C43,U60,70.39204539
M1C43,fix2,66.69081714
M1C44,fix1,48.99708346
M1C44,a0,70.45584938
M1C44,e10,72.44426795
M1C44,I20,70.93207464
M1C44,o30,65.0496962
M1C44,a00,61.67184467
M1C44,e40,67.2200113
M1C44,I50,68.87745121
M1C44,o60,66.14796693
M1C44,fix2,65.34204522
M1C45,fix2,44.05730375
M1C45,e1,72.98277684
M1C45,U2,74.33222514
M1C45,a3,60.98630456
M1C45,e4,70.20942878
M1C45,U5,73.10490379
M1C45,a6,68.5724499
M1C45,fix2,69.59423621
M1C46,fix1,45.43135078
M1C46,i1,72.68538159
M1C46,I2,72.59877442
M1C46,e3,64.67821638
M1C46,y4,68.79147073
M1C46,I5,77.09195221
M1C46,a6,67.61808036
M1C46,fix2,66.02910985
M1C47,fix1,46.07121907
M1C47,e1,71.82156475
M1C47,I2,72.79352469
M1C47,u3,68.71287833
M1C47,e4,71.78047815
M1C47, ,67.35410683
M1C47,I5,72.12909952
M1C47,u6,71.20647148
M1C47,fix2,63.41372041
M1C48,fix1,36.20534052
M1C48,e0,72.36515402
M1C48,e10,73.38195706
M1C48,I20,74.40538211
M1C48,a30,64.37601179
M1C48,e00,68.38475454
M1C48,e40,71.51975078
M1C48,i50,69.62352337
M1C48,E60,72.5957222
M1C48,fix2,67.21297918
M1C50,fix1,48.51164711
M1C50,a1,70.58244965
M1C50,u2,69.51731347
M1C50,E3,70.2282368
M1C50,a4,69.28857243
M1C50,u5,66.72789179
M1C50,E6,70.74581446
M1C50,fix2,65.05192349
M1C51,fix1,45.27027123
M1C51,a1,69.97576407
M1C51,U2,70.80755981
M1C51,o3,64.89327025
M1C51,a4,66.8331104
M1C51,U5,70.3478771
M1C51,o6,71.04524499
M1C51,fix2,66.9936403
M1C52,fix1,68.56232147
M1C52,u1,72.66471207
M1C52,I2,72.18007941
M1C52,u3,71.80179394
M1C52,u4,69.61854078
M1C52,I5,72.84591272
M1C52,u6,71.59593237
M1C52,fix2,66.03160849
M1C53,fix1,49.05431578
M1C53,a0,70.6030032
M1C53,i20,68.23278323
M1C53,I20,72.91974311
M1C53,o30,67.12033672
M1C53,a00,71.81547906
M1C53,i40,68.46726538
M1C53,I50,72.37617051
M1C53,o60,68.66543412
M1C53,fix2,66.87589203
M1C54,fix1,66.57049067
M1C54,y1,70.94767626
M1C54,i2,70.08340921
M1C54,U3,72.57049035
M1C54,y4,71.70645198
M1C54,i5,70.40298124
M1C54,U6,73.56679426
M1C54,fix2,66.96187165
M1C55,fix1,52.02783705
M1C55,a0,66.09600006
M1C55,e10,69.44831651
M1C55,I20,70.67151904
M1C55,a30,62.97298281
M1C55,a00,68.7751638
M1C55,e40,72.2605351
M1C55,I50,75.64836474
M1C55,a60,69.5457997
M1C55,fix2,68.01919725
M1C56,fix1,63.03813676
M1C56,e1,75.15663837
M1C56,U2,74.68561334
M1C56,u3,61.443076
M1C56,e4,74.1744167
M1C56,u5,75.5426627
M1C56,U6,77.01925049
M1C56,fix2,69.20968274
M1C58,fix1,56.10618572
M1C58,e0,71.85858414
M1C58,e10,72.60239878
M1C58,I20,74.71497284
M1C58,o30,65.23227714
M1C58,e00,69.85200086
M1C58,e40,71.22937375
M1C58,I50,74.34985699
M1C58,o60,74.59102662
M1C58,fix2,69.66831583
M1C6,fix1,60.9395036
M1C6,e1,69.9974811
M1C6,I2,71.85514413
M1C6,a3,65.07389103
M1C6,e4,72.77804822
M1C6,I5,72.04575675
M1C6,a6,70.75677783
M1C6,fix2,68.88891264
M1C60,fix1,71.79171577
M1C60,i1,73.97132756
M1C60,I2,75.10438321
M1C60,a3,61.10307974
M1C60,i4,72.01775862
M1C60,I5,76.62536267
M1C60,a6,69.86542355
M1C60,fix2,69.01388658
M1C61,fix1,66.07082824
M1C61,a1,70.43467604
M1C61,u2,69.68162398
M1C61,U3,75.7111941
M1C61,a4,69.20356789
M1C61,u5,67.87170468
M1C61,U6,76.08199408
M1C61,fix2,67.39899614
M1C62,fix1,67.0663901
M1C62,y1,72.50834057
M1C62,i2,71.74318414
M1C62,E3,70.29632247
M1C62,y4,72.64262795
M1C62,i5,71.84763353
M1C62,E6,71.748982
M1C62,fix2,67.97929483
M1C63,fix1,53.01587522
M1C63,e1,71.32892756
M1C63,u2,69.38451834
M1C63,U3,72.24121886
M1C63,e4,69.03021277
M1C63,u5,67.7705936
M1C63,U5,72.1154114
M1C63,fix2,69.72368185
M1C65,fix1,57.72024073
M1C65,a0,70.45680827
M1C65,a10,69.13840326
M1C65,U20,74.24449109
M1C65,e30,67.16949414
M1C65,a00,68.13713956
M1C65,a40,66.95042497
M1C65,U50,74.69182969
M1C65,e60,70.50218091
M1C65,fix2,65.5279011
M1C66,fix1,71.96426168
M1C66,a0,69.60298497
M1C66,o10,70.45686675
M1C66,U20,71.86284478
M1C66,o30,62.45784455
M1C66,a00,67.06367077
M1C66,o40,65.96405753
M1C66,U50,72.40677106
M1C66,o60,68.63925056
M1C66,fix2,65.7112251
M1C67,fix1,68.33763138
M1C67,y1,65.71016382
M1C67,U2,74.31363021
M1C67,a3,66.76836355
M1C67,y4,65.85951372
M1C67,U5,72.81483452
M1C67,a6,70.30342171
M1C67,fix2,66.0476332
M1C68,fix1,41.32263361
M1C68,a1,70.66402512
M1C68,U2,73.5179829
M1C68,a3,62.96741379
M1C68,a4,68.72096262
M1C68,U5,73.3783322
M1C68,a6,71.19275422
M1C68,fix2,67.29409103
M1C69,fix1,64.87274786
M1C69,y1,72.11067869
M1C69,u2,73.60080917
M1C69,E3,72.62256584
M1C69,y4,74.16268517
M1C69,u5,73.30993146
M1C69,E6,75.59331024
M1C69,fix2,69.79814267
M1C7,fix1,38.90567204
M1C7,u1,68.63487412
M1C7,I2,74.09352808
M1C7,o3,67.9821401
M1C7,u4,69.34593093
M1C7,I5,75.91173159
M1C7,o6,70.42851944
M1C7,fix2,68.19886162
M1C70,fix1,63.02368082
M1C70,a1,69.41491805
M1C70,U2,74.46301013
M1C70,a3,68.52159286
M1C70,a4,70.90006709
M1C70,U5,74.5513844
M1C70,a6,72.55374492
M1C70,fix2,65.28704687
M1C72,fix1,58.40646702
M1C72,a0,71.33314931
M1C72,a10,69.55303319
M1C72,U20,77.63545013
M1C72,o30,67.18817761
M1C72,a00,68.61760687
M1C72,a40,69.09904113
M1C72,U50,76.38038638
M1C72,o60,73.60434784
M1C72,fix2,69.15318445
M1C75,fix1,67.56558678
M1C75,a1,69.22565972
M1C75,u2,69.42432203
M1C75,E3,73.85449351
M1C75,a4,70.57601782
M1C75,u5,68.1673952
M1C75,E6,72.32356465
M1C75,fix2,66.1189686
M1C76,fix1,38.4129958
M1C76,a0,72.46641489
M1C76,a10,73.42985531
M1C76,U20,75.40332126
M1C76,a30,71.74925878
M1C76,a00,73.89288114
M1C76,a40,73.00464408
M1C76,U50,76.24637527
M1C76,a60,71.28696213
M1C76,fix2,69.51519054
M1C77,fix1,62.18868983
M1C77,i1,73.77720404
M1C77,I2,76.88476566
M1C77,o3,64.91134952
M1C77,i4,71.66851772
M1C77,I5,76.33633829
M1C77,o6,70.2579414
M1C77,fix2,69.29895973
M1C9,fix1,39.10565642
M1C9,e1,74.03276007
M1C9,U2,76.69931667
M1C9,o3,66.44607472
M1C9,e4,70.71123945
M1C9,U5,74.69260314
M1C9,o6,70.55339184
M1C9,fix2,68.07659479